timestamp,project_name,run_id,duration,emissions,emissions_rate,cpu_power,gpu_power,ram_power,cpu_energy,gpu_energy,ram_energy,energy_consumed,country_name,country_iso_code,region,cloud_provider,cloud_region,os,python_version,codecarbon_version,cpu_count,cpu_model,gpu_count,gpu_model,longitude,latitude,ram_total_size,tracking_mode,on_cloud,pue
2023-12-27T20:09:55,codecarbon,097b8cda-52dd-474b-83d6-c64f0ba8657f,10.732484579086304,0.0001652844632448,1.540039140302202e-05,42.5,126.60014871035456,94.3339819908142,0.0001267019352979,0.000377387524125,0.0002811996805056,0.0007852891399286,United States,USA,new york,,,Linux-5.4.0-167-generic-x86_64-with-glibc2.31,3.9.15,2.3.2,4,Intel(R) Xeon(R) Gold 6258R CPU @ 2.70GHz,1,1 x NVIDIA GeForce RTX 3090,-76.4926,42.4444,251.5572853088379,machine,N,1.0
2023-12-27T20:10:09,codecarbon,133425d9-8db6-4aa3-95f8-67174cbcee0a,9.593796730041504,0.00014913330696,1.554476409668826e-05,42.5,129.07071846077466,94.3339819908142,0.0001132591151528,0.0003439297195768,0.0002513639478987,0.0007085527826285,United States,USA,new york,,,Linux-5.4.0-167-generic-x86_64-with-glibc2.31,3.9.15,2.3.2,4,Intel(R) Xeon(R) Gold 6258R CPU @ 2.70GHz,1,1 x NVIDIA GeForce RTX 3090,-76.4926,42.4444,251.5572853088379,machine,N,1.0
2023-12-27T20:10:24,codecarbon,32535e4a-b95b-4d69-a1e8-55a30a75aec1,9.550352334976196,0.0001489732032492,1.5598712803888643e-05,42.5,129.9954227606301,94.3339819908142,0.0001127462974852,0.0003448219425337,0.0002502238679344,0.0007077921079534,United States,USA,new york,,,Linux-5.4.0-167-generic-x86_64-with-glibc2.31,3.9.15,2.3.2,4,Intel(R) Xeon(R) Gold 6258R CPU @ 2.70GHz,1,1 x NVIDIA GeForce RTX 3090,-76.4926,42.4444,251.5572853088379,machine,N,1.0
2023-12-27T20:10:38,codecarbon,d2b591d7-cac0-4a63-85c1-9184444a1045,9.434800148010254,0.0001469370648482,1.5573945663198076e-05,42.5,129.56908654074462,94.3339819908142,0.0001113821397225,0.0003395363827252,0.0002471996128751,0.0006981181353228,United States,USA,new york,,,Linux-5.4.0-167-generic-x86_64-with-glibc2.31,3.9.15,2.3.2,4,Intel(R) Xeon(R) Gold 6258R CPU @ 2.70GHz,1,1 x NVIDIA GeForce RTX 3090,-76.4926,42.4444,251.5572853088379,machine,N,1.0
2023-12-27T20:10:53,codecarbon,d4dd3a75-0c56-4f47-b137-2537d1bd2e25,9.504115104675291,0.0001483854239525,1.5612755350532114e-05,42.5,130.2343066979032,94.3339819908142,0.0001122003906302,0.0003437852750209,0.0002490138222985,0.0007049994879498,United States,USA,new york,,,Linux-5.4.0-167-generic-x86_64-with-glibc2.31,3.9.15,2.3.2,4,Intel(R) Xeon(R) Gold 6258R CPU @ 2.70GHz,1,1 x NVIDIA GeForce RTX 3090,-76.4926,42.4444,251.5572853088379,machine,N,1.0
2023-12-27T20:11:07,codecarbon,2a610367-b806-43d5-9068-c3a2c6546cc2,9.465932607650757,0.0001482528644508,1.5661728283491356e-05,42.5,131.07199589452412,94.3339819908142,0.0001117496503723,0.0003446063867755,0.0002480136424396,0.0007043696795876,United States,USA,new york,,,Linux-5.4.0-167-generic-x86_64-with-glibc2.31,3.9.15,2.3.2,4,Intel(R) Xeon(R) Gold 6258R CPU @ 2.70GHz,1,1 x NVIDIA GeForce RTX 3090,-76.4926,42.4444,251.5572853088379,machine,N,1.0
2023-12-27T20:11:22,codecarbon,697e78d4-f4da-4f85-9f9b-e010f964175c,9.60633659362793,0.0001500519444863,1.562010065167369e-05,42.5,130.358809262475,94.3339819908142,0.0001134071101744,0.0003478166671442,0.0002516935781119,0.0007129173554306,United States,USA,new york,,,Linux-5.4.0-167-generic-x86_64-with-glibc2.31,3.9.15,2.3.2,4,Intel(R) Xeon(R) Gold 6258R CPU @ 2.70GHz,1,1 x NVIDIA GeForce RTX 3090,-76.4926,42.4444,251.5572853088379,machine,N,1.0
2023-12-27T20:11:36,codecarbon,1a40a9ad-cc06-4c73-9fbf-28576a0ef9c8,9.52385926246643,0.0001496645831098,1.5714699155595088e-05,42.5,131.97692081398375,94.3339819908142,0.0001124334870113,0.0003491108348327,0.0002495326265926,0.0007110769484367,United States,USA,new york,,,Linux-5.4.0-167-generic-x86_64-with-glibc2.31,3.9.15,2.3.2,4,Intel(R) Xeon(R) Gold 6258R CPU @ 2.70GHz,1,1 x NVIDIA GeForce RTX 3090,-76.4926,42.4444,251.5572853088379,machine,N,1.0
2023-12-27T20:11:51,codecarbon,2d38f0f8-7c3c-4f75-a377-650360a5da7b,9.72959589958191,0.0001523566852863,1.5659096930524405e-05,42.5,131.02696058566434,94.3339819908142,0.0001148619395163,0.0003540836165996,0.0002549219387598,0.0007238674948757,United States,USA,new york,,,Linux-5.4.0-167-generic-x86_64-with-glibc2.31,3.9.15,2.3.2,4,Intel(R) Xeon(R) Gold 6258R CPU @ 2.70GHz,1,1 x NVIDIA GeForce RTX 3090,-76.4926,42.4444,251.5572853088379,machine,N,1.0
2023-12-27T20:12:06,codecarbon,8145d4d7-4724-4194-acb4-ae7e81b96d1a,9.352271318435667,0.0001464407604649,1.5658309674598534e-05,42.5,131.01210315002157,94.3339819908142,0.0001104077875614,0.0003403149944745,0.0002450373431348,0.0006957601251707,United States,USA,new york,,,Linux-5.4.0-167-generic-x86_64-with-glibc2.31,3.9.15,2.3.2,4,Intel(R) Xeon(R) Gold 6258R CPU @ 2.70GHz,1,1 x NVIDIA GeForce RTX 3090,-76.4926,42.4444,251.5572853088379,machine,N,1.0
2023-12-27T20:12:20,codecarbon,46b6b3f2-4876-4694-834d-8c5e042b84ae,9.344395399093628,0.000146488813769,1.567664974699741e-05,42.5,131.32813625397344,94.3339819908142,0.0001103147741821,0.0003408455504683,0.0002448281083546,0.0006959884330051,United States,USA,new york,,,Linux-5.4.0-167-generic-x86_64-with-glibc2.31,3.9.15,2.3.2,4,Intel(R) Xeon(R) Gold 6258R CPU @ 2.70GHz,1,1 x NVIDIA GeForce RTX 3090,-76.4926,42.4444,251.5572853088379,machine,N,1.0
2023-12-27T20:12:34,codecarbon,02d6be38-140f-485a-84a5-eb3b7fb7acc0,9.366313934326172,0.0001470430747611,1.5699140109138162e-05,42.5,131.71112845408663,94.3339819908142,0.0001105736247367,0.0003426436074533,0.0002454045707594,0.0006986218029495,United States,USA,new york,,,Linux-5.4.0-167-generic-x86_64-with-glibc2.31,3.9.15,2.3.2,4,Intel(R) Xeon(R) Gold 6258R CPU @ 2.70GHz,1,1 x NVIDIA GeForce RTX 3090,-76.4926,42.4444,251.5572853088379,machine,N,1.0
2023-12-27T20:12:48,codecarbon,de8c09a5-d4c6-4805-98b1-6c36ba427359,9.426883935928345,0.0001480860116854,1.5708903672935926e-05,42.5,131.87665020018372,94.3339819908142,0.0001112887013289,0.0003452949984534,0.0002469932394466,0.0007035769392291,United States,USA,new york,,,Linux-5.4.0-167-generic-x86_64-with-glibc2.31,3.9.15,2.3.2,4,Intel(R) Xeon(R) Gold 6258R CPU @ 2.70GHz,1,1 x NVIDIA GeForce RTX 3090,-76.4926,42.4444,251.5572853088379,machine,N,1.0
2023-12-27T20:13:03,codecarbon,13756a81-5479-4145-b3ce-1ba884c708ee,9.390441417694092,0.0001472349828815,1.5679239806991058e-05,42.5,131.3714012286901,94.3339819908142,0.0001108584264914,0.0003426394407739,0.0002460357174683,0.0006995335847336,United States,USA,new york,,,Linux-5.4.0-167-generic-x86_64-with-glibc2.31,3.9.15,2.3.2,4,Intel(R) Xeon(R) Gold 6258R CPU @ 2.70GHz,1,1 x NVIDIA GeForce RTX 3090,-76.4926,42.4444,251.5572853088379,machine,N,1.0
2023-12-27T20:13:17,codecarbon,ed281a19-291c-43ca-b912-82e4669f1019,9.571762800216677,0.0001501387833518,1.5685593812301034e-05,42.5,131.53320025578066,94.3339819908142,0.0001129989248183,0.0003496027796927,0.0002507282342726,0.0007133299387837,United States,USA,new york,,,Linux-5.4.0-167-generic-x86_64-with-glibc2.31,3.9.15,2.3.2,4,Intel(R) Xeon(R) Gold 6258R CPU @ 2.70GHz,1,1 x NVIDIA GeForce RTX 3090,-76.4926,42.4444,251.5572853088379,machine,N,1.0
2023-12-27T20:13:32,codecarbon,5b907c5b-9203-45f2-8ded-9d1cb96e1fae,9.710935831069946,0.0001515847444814,1.560969479342006e-05,42.5,130.25272427782946,94.3339819908142,0.0001146420467231,0.0003512050031844,0.0002543528483965,0.000720199898304,United States,USA,new york,,,Linux-5.4.0-167-generic-x86_64-with-glibc2.31,3.9.15,2.3.2,4,Intel(R) Xeon(R) Gold 6258R CPU @ 2.70GHz,1,1 x NVIDIA GeForce RTX 3090,-76.4926,42.4444,251.5572853088379,machine,N,1.0
2023-12-27T20:13:46,codecarbon,75b84050-fa46-4c52-9876-3bbb3edf9439,9.434108018875122,0.0001485646685496,1.5747611565656668e-05,42.5,132.54176818545557,94.3339819908142,0.0001113738927576,0.0003472983333949,0.0002471788774466,0.0007058511035992,United States,USA,new york,,,Linux-5.4.0-167-generic-x86_64-with-glibc2.31,3.9.15,2.3.2,4,Intel(R) Xeon(R) Gold 6258R CPU @ 2.70GHz,1,1 x NVIDIA GeForce RTX 3090,-76.4926,42.4444,251.5572853088379,machine,N,1.0
2023-12-27T20:14:01,codecarbon,0e3b5c43-e890-45a6-9bf8-d2b45a81c92e,9.31909441947937,0.0001457904002924,1.5644266892251665e-05,42.5,130.77168592179405,94.3339819908142,0.0001100162002775,0.0003384858263615,0.0002441681482091,0.0006926701748482,United States,USA,new york,,,Linux-5.4.0-167-generic-x86_64-with-glibc2.31,3.9.15,2.3.2,4,Intel(R) Xeon(R) Gold 6258R CPU @ 2.70GHz,1,1 x NVIDIA GeForce RTX 3090,-76.4926,42.4444,251.5572853088379,machine,N,1.0
2023-12-27T20:14:15,codecarbon,00449047-5a6e-4d5c-ab57-aa94acf7f267,9.415412664413452,0.0001472883531197,1.564332423542621e-05,42.5,130.75540083976313,94.3339819908142,0.0001111532597078,0.0003419419402348,0.0002466919541081,0.0006997871540508,United States,USA,new york,,,Linux-5.4.0-167-generic-x86_64-with-glibc2.31,3.9.15,2.3.2,4,Intel(R) Xeon(R) Gold 6258R CPU @ 2.70GHz,1,1 x NVIDIA GeForce RTX 3090,-76.4926,42.4444,251.5572853088379,machine,N,1.0
2023-12-27T20:14:30,codecarbon,71cdf397-aa0b-4ff1-8d62-38bfe7634027,9.444897413253784,0.0001478983049978,1.5659069498240964e-05,42.5,131.02475633799187,94.3339819908142,0.0001115013519922,0.0003437194416449,0.0002474643253909,0.0007026851190281,United States,USA,new york,,,Linux-5.4.0-167-generic-x86_64-with-glibc2.31,3.9.15,2.3.2,4,Intel(R) Xeon(R) Gold 6258R CPU @ 2.70GHz,1,1 x NVIDIA GeForce RTX 3090,-76.4926,42.4444,251.5572853088379,machine,N,1.0
2023-12-27T20:14:44,codecarbon,78eecbcb-3a0d-4551-bf7e-3021f5b03a86,9.390326738357544,0.0001471390226938,1.5669212242935522e-05,42.5,131.22619761752756,94.3339819908142,0.0001108565941452,0.0003422169404387,0.0002460041301449,0.000699077664729,United States,USA,new york,,,Linux-5.4.0-167-generic-x86_64-with-glibc2.31,3.9.15,2.3.2,4,Intel(R) Xeon(R) Gold 6258R CPU @ 2.70GHz,1,1 x NVIDIA GeForce RTX 3090,-76.4926,42.4444,251.5572853088379,machine,N,1.0
2023-12-27T20:14:58,codecarbon,3c424f65-d144-48f6-b867-9f8dacb741c7,9.425900936126707,0.0001476614633342,1.5665501296357384e-05,42.5,131.13500984427014,94.3339819908142,0.0001112770908408,0.0003433163857522,0.0002469663752277,0.0007015598518209,United States,USA,new york,,,Linux-5.4.0-167-generic-x86_64-with-glibc2.31,3.9.15,2.3.2,4,Intel(R) Xeon(R) Gold 6258R CPU @ 2.70GHz,1,1 x NVIDIA GeForce RTX 3090,-76.4926,42.4444,251.5572853088379,machine,N,1.0
2023-12-27T20:15:13,codecarbon,dff22825-0752-418b-8af2-bfa61c76c350,9.373397827148438,0.0001474800679314,1.5733896144293073e-05,42.5,132.30658477300457,94.3339819908142,0.000110657203363,0.0003444519422401,0.0002455888717959,0.0007006980173991,United States,USA,new york,,,Linux-5.4.0-167-generic-x86_64-with-glibc2.31,3.9.15,2.3.2,4,Intel(R) Xeon(R) Gold 6258R CPU @ 2.70GHz,1,1 x NVIDIA GeForce RTX 3090,-76.4926,42.4444,251.5572853088379,machine,N,1.0
2023-12-27T20:15:27,codecarbon,2b13147e-1f28-456b-803a-985c3429d07d,9.43061137199402,0.0001479914702945,1.5692669802300604e-05,42.5,131.59892291646798,94.3339819908142,0.0001113327451878,0.0003447041646609,0.0002470908502736,0.0007031277601223,United States,USA,new york,,,Linux-5.4.0-167-generic-x86_64-with-glibc2.31,3.9.15,2.3.2,4,Intel(R) Xeon(R) Gold 6258R CPU @ 2.70GHz,1,1 x NVIDIA GeForce RTX 3090,-76.4926,42.4444,251.5572853088379,machine,N,1.0
2023-12-27T20:15:41,codecarbon,3222a240-3d4e-45ef-b8e7-fd44d92c8c7b,9.445687770843506,0.0001480082839569,1.5669402540890962e-05,42.5,131.20149598107358,94.3339819908142,0.0001115106629,0.0003442116642702,0.0002474853169666,0.0007032076441369,United States,USA,new york,,,Linux-5.4.0-167-generic-x86_64-with-glibc2.31,3.9.15,2.3.2,4,Intel(R) Xeon(R) Gold 6258R CPU @ 2.70GHz,1,1 x NVIDIA GeForce RTX 3090,-76.4926,42.4444,251.5572853088379,machine,N,1.0
2023-12-27T20:15:56,codecarbon,271e2f82-1d6c-48e4-909f-82f803523c58,9.352335214614868,0.00014655082545,1.566997141217041e-05,42.5,131.21190089694525,94.3339819908142,0.0001104085756672,0.0003408358282257,0.0002450386551082,0.0006962830590013,United States,USA,new york,,,Linux-5.4.0-167-generic-x86_64-with-glibc2.31,3.9.15,2.3.2,4,Intel(R) Xeon(R) Gold 6258R CPU @ 2.70GHz,1,1 x NVIDIA GeForce RTX 3090,-76.4926,42.4444,251.5572853088379,machine,N,1.0
2023-12-27T20:16:10,codecarbon,f65bc802-0a6a-4b0f-90d7-106824e63557,9.39693284034729,0.0001476130578153,1.570864241803657e-05,42.5,131.8741369897009,94.3339819908142,0.0001109351373381,0.0003441880531198,0.0002462066801077,0.0007013298705657,United States,USA,new york,,,Linux-5.4.0-167-generic-x86_64-with-glibc2.31,3.9.15,2.3.2,4,Intel(R) Xeon(R) Gold 6258R CPU @ 2.70GHz,1,1 x NVIDIA GeForce RTX 3090,-76.4926,42.4444,251.5572853088379,machine,N,1.0
2023-12-27T20:16:25,codecarbon,a3602ee8-5170-457f-ac4b-82cdd610dba2,9.385871648788452,0.000147014494637,1.5663382170375318e-05,42.5,131.11391345441473,94.3339819908142,0.0001108040894071,0.0003417808289611,0.0002459010964942,0.0006984860148625,United States,USA,new york,,,Linux-5.4.0-167-generic-x86_64-with-glibc2.31,3.9.15,2.3.2,4,Intel(R) Xeon(R) Gold 6258R CPU @ 2.70GHz,1,1 x NVIDIA GeForce RTX 3090,-76.4926,42.4444,251.5572853088379,machine,N,1.0
2023-12-27T20:16:39,codecarbon,1e0519fc-63c9-4da1-96fb-4d5bf133a9d8,9.384811639785768,0.0001471070664075,1.567501533903371e-05,42.5,131.29777212454326,94.3339819908142,0.0001107920313874,0.0003422438849156,0.0002458899197297,0.0006989258360328,United States,USA,new york,,,Linux-5.4.0-167-generic-x86_64-with-glibc2.31,3.9.15,2.3.2,4,Intel(R) Xeon(R) Gold 6258R CPU @ 2.70GHz,1,1 x NVIDIA GeForce RTX 3090,-76.4926,42.4444,251.5572853088379,machine,N,1.0
2023-12-27T20:16:54,codecarbon,e11877b5-ecca-463f-920d-3e465370b462,9.45445203781128,0.0001482909524194,1.568477494268707e-05,42.5,131.46523183486664,94.3339819908142,0.0001116141609019,0.0003452224983959,0.0002477139814492,0.0007045506407472,United States,USA,new york,,,Linux-5.4.0-167-generic-x86_64-with-glibc2.31,3.9.15,2.3.2,4,Intel(R) Xeon(R) Gold 6258R CPU @ 2.70GHz,1,1 x NVIDIA GeForce RTX 3090,-76.4926,42.4444,251.5572853088379,machine,N,1.0
2023-12-27T20:17:08,codecarbon,75cabea8-7487-47ba-bb16-26e14dec6b87,9.595786333084106,0.0001498470202406,1.5615918804282002e-05,42.5,130.3471291030645,94.3339819908142,0.0001132826767034,0.0003473108333906,0.0002513502221571,0.0007119437322512,United States,USA,new york,,,Linux-5.4.0-167-generic-x86_64-with-glibc2.31,3.9.15,2.3.2,4,Intel(R) Xeon(R) Gold 6258R CPU @ 2.70GHz,1,1 x NVIDIA GeForce RTX 3090,-76.4926,42.4444,251.5572853088379,machine,N,1.0
2023-12-27T20:17:23,codecarbon,93b486d7-ddd7-444b-972e-4c5439950af1,9.612676620483398,0.0001504942617212,1.5655812388460243e-05,42.5,130.9688095327908,94.3339819908142,0.0001134819661577,0.0003496761130747,0.0002518607860082,0.0007150188652408,United States,USA,new york,,,Linux-5.4.0-167-generic-x86_64-with-glibc2.31,3.9.15,2.3.2,4,Intel(R) Xeon(R) Gold 6258R CPU @ 2.70GHz,1,1 x NVIDIA GeForce RTX 3090,-76.4926,42.4444,251.5572853088379,machine,N,1.0
2023-12-27T20:17:38,codecarbon,08468ceb-6d38-4d62-91be-64b0ec87e1be,9.616445541381836,0.00015012331585,1.5611102377071962e-05,42.5,130.20412149785088,94.3339819908142,0.0001135264294015,0.0003477705560044,0.0002519594651564,0.0007132564505624,United States,USA,new york,,,Linux-5.4.0-167-generic-x86_64-with-glibc2.31,3.9.15,2.3.2,4,Intel(R) Xeon(R) Gold 6258R CPU @ 2.70GHz,1,1 x NVIDIA GeForce RTX 3090,-76.4926,42.4444,251.5572853088379,machine,N,1.0
2023-12-27T20:17:52,codecarbon,70aa81ac-0639-4d0a-8414-980504d1cddd,9.495002031326294,0.0001486835522679,1.5659138542296715e-05,42.5,131.09065142572052,94.3339819908142,0.0001120923356877,0.0003456174987093,0.0002487061020425,0.0007064159364396,United States,USA,new york,,,Linux-5.4.0-167-generic-x86_64-with-glibc2.31,3.9.15,2.3.2,4,Intel(R) Xeon(R) Gold 6258R CPU @ 2.70GHz,1,1 x NVIDIA GeForce RTX 3090,-76.4926,42.4444,251.5572853088379,machine,N,1.0
2023-12-27T20:18:07,codecarbon,179420da-adc7-4719-95ac-4ff0ac9ad0e1,9.499962329864502,0.0001487889169554,1.566205336285612e-05,42.5,131.07860562818283,94.3339819908142,0.000112151218454,0.0003458611100199,0.000248904210038,0.0007069165385121,United States,USA,new york,,,Linux-5.4.0-167-generic-x86_64-with-glibc2.31,3.9.15,2.3.2,4,Intel(R) Xeon(R) Gold 6258R CPU @ 2.70GHz,1,1 x NVIDIA GeForce RTX 3090,-76.4926,42.4444,251.5572853088379,machine,N,1.0
2023-12-27T20:18:21,codecarbon,434d6086-e20b-4d43-86ac-681d1fc0b03a,9.616448163986206,0.0001502852888333,1.562794144683862e-05,42.5,130.49242283784125,94.3339819908142,0.0001135265560613,0.0003485402788214,0.0002519591715243,0.0007140260064071,United States,USA,new york,,,Linux-5.4.0-167-generic-x86_64-with-glibc2.31,3.9.15,2.3.2,4,Intel(R) Xeon(R) Gold 6258R CPU @ 2.70GHz,1,1 x NVIDIA GeForce RTX 3090,-76.4926,42.4444,251.5572853088379,machine,N,1.0
2023-12-27T20:18:36,codecarbon,da5cd589-de85-42cc-857a-860533969bd8,9.677627801895142,0.0001514791360315,1.565250690896808e-05,42.5,130.91268086871813,94.3339819908142,0.0001142488184902,0.00035188750374,0.0002535618158528,0.0007196981380831,United States,USA,new york,,,Linux-5.4.0-167-generic-x86_64-with-glibc2.31,3.9.15,2.3.2,4,Intel(R) Xeon(R) Gold 6258R CPU @ 2.70GHz,1,1 x NVIDIA GeForce RTX 3090,-76.4926,42.4444,251.5572853088379,machine,N,1.0
2023-12-27T20:18:51,codecarbon,43015537-aefd-448b-96ee-84e50b01ed68,9.82538390159607,0.00015368456924,1.56415841639667e-05,42.5,130.727551133651,94.3339819908142,0.0001159931106699,0.0003567522298482,0.0002574311130308,0.0007301764535489,United States,USA,new york,,,Linux-5.4.0-167-generic-x86_64-with-glibc2.31,3.9.15,2.3.2,4,Intel(R) Xeon(R) Gold 6258R CPU @ 2.70GHz,1,1 x NVIDIA GeForce RTX 3090,-76.4926,42.4444,251.5572853088379,machine,N,1.0
2023-12-27T20:19:05,codecarbon,cbbfc874-8e32-405f-8db0-f7991180bc74,9.591156482696531,0.0001495624413297,1.5593785963095918e-05,42.5,129.90758669783068,94.3339819908142,0.000113228055338,0.0003460661101826,0.0002512974933182,0.0007105916588389,United States,USA,new york,,,Linux-5.4.0-167-generic-x86_64-with-glibc2.31,3.9.15,2.3.2,4,Intel(R) Xeon(R) Gold 6258R CPU @ 2.70GHz,1,1 x NVIDIA GeForce RTX 3090,-76.4926,42.4444,251.5572853088379,machine,N,1.0
2023-12-27T20:19:20,codecarbon,338e64c9-4189-4a00-8152-5208d7b4a386,9.658673524856567,0.000151664418454,1.5702406553420808e-05,42.5,131.77557441076928,94.3339819908142,0.0001140248106585,0.0003534980605905,0.0002530555690192,0.0007205784402684,United States,USA,new york,,,Linux-5.4.0-167-generic-x86_64-with-glibc2.31,3.9.15,2.3.2,4,Intel(R) Xeon(R) Gold 6258R CPU @ 2.70GHz,1,1 x NVIDIA GeForce RTX 3090,-76.4926,42.4444,251.5572853088379,machine,N,1.0
2023-12-27T20:19:34,codecarbon,b01ca377-ba78-4cb2-9f37-fb1a5e9383ba,9.532573699951172,0.0001491845820386,1.564997940056863e-05,42.5,130.8691646844035,94.3339819908142,0.0001125364080071,0.0003464980549807,0.000249761934567,0.0007087963975549,United States,USA,new york,,,Linux-5.4.0-167-generic-x86_64-with-glibc2.31,3.9.15,2.3.2,4,Intel(R) Xeon(R) Gold 6258R CPU @ 2.70GHz,1,1 x NVIDIA GeForce RTX 3090,-76.4926,42.4444,251.5572853088379,machine,N,1.0
2023-12-27T20:19:49,codecarbon,3b35f3f6-b222-40ad-81d8-76acad47d5be,9.525130987167358,0.0001483136012273,1.5570767627994855e-05,42.5,129.5142069818788,94.3339819908142,0.0001124485426478,0.0003426427741146,0.0002495669315753,0.0007046582483379,United States,USA,new york,,,Linux-5.4.0-167-generic-x86_64-with-glibc2.31,3.9.15,2.3.2,4,Intel(R) Xeon(R) Gold 6258R CPU @ 2.70GHz,1,1 x NVIDIA GeForce RTX 3090,-76.4926,42.4444,251.5572853088379,machine,N,1.0
2023-12-27T20:20:03,codecarbon,69dc93ef-a5b1-4ba9-89ec-a0555cdf33b0,9.483598947525024,0.0001482555814205,1.5632839625639142e-05,42.5,130.57607594954737,94.3339819908142,0.0001119582704371,0.000343945830707,0.0002484784871387,0.0007043825882829,United States,USA,new york,,,Linux-5.4.0-167-generic-x86_64-with-glibc2.31,3.9.15,2.3.2,4,Intel(R) Xeon(R) Gold 6258R CPU @ 2.70GHz,1,1 x NVIDIA GeForce RTX 3090,-76.4926,42.4444,251.5572853088379,machine,N,1.0
2023-12-27T20:20:18,codecarbon,18e8505e-6639-4c6e-94fb-bac7e12fa803,9.461527824401855,0.0001476358418978,1.5603805710644286e-05,42.5,130.07964065798214,94.3339819908142,0.000111697615683,0.000341840273478,0.0002479002317035,0.0007014381208646,United States,USA,new york,,,Linux-5.4.0-167-generic-x86_64-with-glibc2.31,3.9.15,2.3.2,4,Intel(R) Xeon(R) Gold 6258R CPU @ 2.70GHz,1,1 x NVIDIA GeForce RTX 3090,-76.4926,42.4444,251.5572853088379,machine,N,1.0
2023-12-27T20:20:32,codecarbon,040e7d30-8e27-4e4c-b444-3512b6a489f1,9.496128797531128,0.0001488429881988,1.5674070073434383e-05,42.5,131.2815441759945,94.3339819908142,0.0001121061782042,0.0003462605547781,0.0002488067054185,0.0007071734384008,United States,USA,new york,,,Linux-5.4.0-167-generic-x86_64-with-glibc2.31,3.9.15,2.3.2,4,Intel(R) Xeon(R) Gold 6258R CPU @ 2.70GHz,1,1 x NVIDIA GeForce RTX 3090,-76.4926,42.4444,251.5572853088379,machine,N,1.0
2023-12-27T20:20:47,codecarbon,6d61298e-4b22-4134-8da4-e644ec63823e,9.540606260299684,0.0001495069953161,1.5670596945008267e-05,42.5,131.22237309011658,94.3339819908142,0.0001126311861806,0.0003477252781891,0.0002499717628589,0.0007103282272287,United States,USA,new york,,,Linux-5.4.0-167-generic-x86_64-with-glibc2.31,3.9.15,2.3.2,4,Intel(R) Xeon(R) Gold 6258R CPU @ 2.70GHz,1,1 x NVIDIA GeForce RTX 3090,-76.4926,42.4444,251.5572853088379,machine,N,1.0
2023-12-27T20:21:01,codecarbon,1cbcdad0-6ca8-4b5e-b133-749802b51c96,9.544086456298828,0.0001492008485924,1.563280564102721e-05,42.5,130.60212542331192,94.3339819908142,0.0001126724013023,0.0003461674991598,0.0002500337817196,0.0007088736821818,United States,USA,new york,,,Linux-5.4.0-167-generic-x86_64-with-glibc2.31,3.9.15,2.3.2,4,Intel(R) Xeon(R) Gold 6258R CPU @ 2.70GHz,1,1 x NVIDIA GeForce RTX 3090,-76.4926,42.4444,251.5572853088379,machine,N,1.0
2023-12-27T20:21:16,codecarbon,6c0cb656-9d03-4eab-81a2-c4327508a5e9,9.488739967346191,0.0001489498634863,1.5697538766884502e-05,42.5,131.68571222107144,94.3339819908142,0.000112018923627,0.0003470522220823,0.0002486100718312,0.0007076812175406,United States,USA,new york,,,Linux-5.4.0-167-generic-x86_64-with-glibc2.31,3.9.15,2.3.2,4,Intel(R) Xeon(R) Gold 6258R CPU @ 2.70GHz,1,1 x NVIDIA GeForce RTX 3090,-76.4926,42.4444,251.5572853088379,machine,N,1.0
2023-12-27T20:21:30,codecarbon,72a5380c-3463-4760-a4a9-d2691b0e3dae,9.45032787322998,0.0001483809078306,1.570113860820906e-05,42.5,131.74590454206967,94.3339819908142,0.0001115653855933,0.0003458077766538,0.0002476048689881,0.0007049780312353,United States,USA,new york,,,Linux-5.4.0-167-generic-x86_64-with-glibc2.31,3.9.15,2.3.2,4,Intel(R) Xeon(R) Gold 6258R CPU @ 2.70GHz,1,1 x NVIDIA GeForce RTX 3090,-76.4926,42.4444,251.5572853088379,machine,N,1.0
2023-12-27T20:21:45,codecarbon,4ab7341f-fb36-4693-be67-b2d154449937,9.385937929153442,0.0001469365388923,1.565496597159181e-05,42.5,131.02835043429434,94.3339819908142,0.000110804818405,0.0003414713842886,0.0002458394337406,0.0006981156364343,United States,USA,new york,,,Linux-5.4.0-167-generic-x86_64-with-glibc2.31,3.9.15,2.3.2,4,Intel(R) Xeon(R) Gold 6258R CPU @ 2.70GHz,1,1 x NVIDIA GeForce RTX 3090,-76.4926,42.4444,251.5572853088379,machine,N,1.0
2023-12-27T20:21:59,codecarbon,d87243b0-6510-40bc-a474-50291c1cd0fa,9.569587469100952,0.0001501737035695,1.569280849926062e-05,42.5,131.6612765785685,94.3339819908142,0.0001129734492964,0.0003498563909829,0.0002506660092447,0.0007134958495241,United States,USA,new york,,,Linux-5.4.0-167-generic-x86_64-with-glibc2.31,3.9.15,2.3.2,4,Intel(R) Xeon(R) Gold 6258R CPU @ 2.70GHz,1,1 x NVIDIA GeForce RTX 3090,-76.4926,42.4444,251.5572853088379,machine,N,1.0
2023-12-27T20:22:14,codecarbon,4bbf0640-3cc1-4010-ac04-08e61a6f14c8,9.568282127380373,0.0001500294937813,1.5679877723505253e-05,42.5,131.38189225096963,94.3339819908142,0.0001129579799042,0.0003491566682072,0.0002506960409424,0.0007128106890539,United States,USA,new york,,,Linux-5.4.0-167-generic-x86_64-with-glibc2.31,3.9.15,2.3.2,4,Intel(R) Xeon(R) Gold 6258R CPU @ 2.70GHz,1,1 x NVIDIA GeForce RTX 3090,-76.4926,42.4444,251.5572853088379,machine,N,1.0
2023-12-27T20:22:28,codecarbon,885dca8e-56fb-4e90-a626-b60217569ec1,9.400042057037354,0.0001469855427901,1.5636689910352677e-05,42.5,130.64156125256503,94.3339819908142,0.0001109718743297,0.0003410869395281,0.0002462896468116,0.0006983484606696,United States,USA,new york,,,Linux-5.4.0-167-generic-x86_64-with-glibc2.31,3.9.15,2.3.2,4,Intel(R) Xeon(R) Gold 6258R CPU @ 2.70GHz,1,1 x NVIDIA GeForce RTX 3090,-76.4926,42.4444,251.5572853088379,machine,N,1.0
2023-12-27T20:22:42,codecarbon,076d851a-4ad9-49d5-af5b-9b6ab01abe79,9.384538650512695,0.0001471018288039,1.5674913203737855e-05,42.5,131.35399604228178,94.3339819908142,0.0001107882456647,0.0003422930516165,0.0002458196541786,0.0006989009514599,United States,USA,new york,,,Linux-5.4.0-167-generic-x86_64-with-glibc2.31,3.9.15,2.3.2,4,Intel(R) Xeon(R) Gold 6258R CPU @ 2.70GHz,1,1 x NVIDIA GeForce RTX 3090,-76.4926,42.4444,251.5572853088379,machine,N,1.0
2023-12-27T20:22:57,codecarbon,04dd8c41-fc77-49e2-b0b7-80db3d39fa9c,9.434239387512209,0.0001475902652449,1.5644108569084913e-05,42.5,130.7703552933431,94.3339819908142,0.0001113754239347,0.0003426627741163,0.0002471833818889,0.0007012215799399,United States,USA,new york,,,Linux-5.4.0-167-generic-x86_64-with-glibc2.31,3.9.15,2.3.2,4,Intel(R) Xeon(R) Gold 6258R CPU @ 2.70GHz,1,1 x NVIDIA GeForce RTX 3090,-76.4926,42.4444,251.5572853088379,machine,N,1.0
2023-12-27T20:23:11,codecarbon,c30ab449-d907-4eeb-ba56-05ca19ec1871,9.50854778289795,0.0001487908431417,1.5648114363937638e-05,42.5,130.83726249084694,94.3339819908142,0.0001122527236739,0.0003455405542069,0.0002491324122062,0.0007069256900871,United States,USA,new york,,,Linux-5.4.0-167-generic-x86_64-with-glibc2.31,3.9.15,2.3.2,4,Intel(R) Xeon(R) Gold 6258R CPU @ 2.70GHz,1,1 x NVIDIA GeForce RTX 3090,-76.4926,42.4444,251.5572853088379,machine,N,1.0
2023-12-27T20:23:26,codecarbon,721bc720-c793-4961-8406-6eb960b0c198,9.49912142753601,0.0001486718333321,1.5651114102109925e-05,42.5,130.8886875040031,94.3339819908142,0.0001121414121654,0.0003453336096015,0.0002488852364025,0.0007063602581695,United States,USA,new york,,,Linux-5.4.0-167-generic-x86_64-with-glibc2.31,3.9.15,2.3.2,4,Intel(R) Xeon(R) Gold 6258R CPU @ 2.70GHz,1,1 x NVIDIA GeForce RTX 3090,-76.4926,42.4444,251.5572853088379,machine,N,1.0
2023-12-27T20:23:40,codecarbon,8ee2d808-86d5-4ee5-a832-2a3cb9a24d66,9.488634586334229,0.000148653706612,1.5666501355860323e-05,42.5,131.1515170971197,94.3339819908142,0.0001120176598429,0.0003456455543044,0.0002486109214903,0.0007062741356377,United States,USA,new york,,,Linux-5.4.0-167-generic-x86_64-with-glibc2.31,3.9.15,2.3.2,4,Intel(R) Xeon(R) Gold 6258R CPU @ 2.70GHz,1,1 x NVIDIA GeForce RTX 3090,-76.4926,42.4444,251.5572853088379,machine,N,1.0
2023-12-27T20:23:54,codecarbon,502eac4d-12ba-417c-8333-71a539dfd0c5,9.342703104019163,0.00014648285083,1.5678851098994376e-05,42.5,131.38902861140815,94.3339819908142,0.0001102948322892,0.0003409063838404,0.0002447588861348,0.0006959601022645,United States,USA,new york,,,Linux-5.4.0-167-generic-x86_64-with-glibc2.31,3.9.15,2.3.2,4,Intel(R) Xeon(R) Gold 6258R CPU @ 2.70GHz,1,1 x NVIDIA GeForce RTX 3090,-76.4926,42.4444,251.5572853088379,machine,N,1.0
2023-12-27T20:24:09,codecarbon,79627347-376d-4b1d-8b35-5b8fee11b6e2,9.449660062789915,0.0001477583569218,1.563636743968391e-05,42.5,130.63836087650623,94.3339819908142,0.0001115575129787,0.000342875829844,0.000247586863714,0.0007020202065367,United States,USA,new york,,,Linux-5.4.0-167-generic-x86_64-with-glibc2.31,3.9.15,2.3.2,4,Intel(R) Xeon(R) Gold 6258R CPU @ 2.70GHz,1,1 x NVIDIA GeForce RTX 3090,-76.4926,42.4444,251.5572853088379,machine,N,1.0
2023-12-27T20:24:23,codecarbon,b4ca6f32-4864-45ee-ae47-231401e01a73,9.605207681655884,0.0001503088698227,1.5648685047159674e-05,42.5,130.84774321989397,94.3339819908142,0.0001133938390347,0.0003490800014844,0.0002516642024009,0.0007141380429202,United States,USA,new york,,,Linux-5.4.0-167-generic-x86_64-with-glibc2.31,3.9.15,2.3.2,4,Intel(R) Xeon(R) Gold 6258R CPU @ 2.70GHz,1,1 x NVIDIA GeForce RTX 3090,-76.4926,42.4444,251.5572853088379,machine,N,1.0
2023-12-27T20:24:38,codecarbon,cdd89af2-231c-47df-9009-752bde56c3fa,9.533984184265137,0.0001492540978718,1.565495547162352e-05,42.5,130.95543727172702,94.3339819908142,0.0001125530145234,0.00034677611076,0.0002497975515232,0.0007091266768067,United States,USA,new york,,,Linux-5.4.0-167-generic-x86_64-with-glibc2.31,3.9.15,2.3.2,4,Intel(R) Xeon(R) Gold 6258R CPU @ 2.70GHz,1,1 x NVIDIA GeForce RTX 3090,-76.4926,42.4444,251.5572853088379,machine,N,1.0
2023-12-27T20:24:52,codecarbon,6c83064c-6cbe-4c0a-9923-16eae9424d79,9.435415983200071,0.0001473849394508,1.5620396568978966e-05,42.5,130.36351703985062,94.3339819908142,0.000111389376223,0.0003416408288643,0.0002472158438613,0.0007002460489487,United States,USA,new york,,,Linux-5.4.0-167-generic-x86_64-with-glibc2.31,3.9.15,2.3.2,4,Intel(R) Xeon(R) Gold 6258R CPU @ 2.70GHz,1,1 x NVIDIA GeForce RTX 3090,-76.4926,42.4444,251.5572853088379,machine,N,1.0
2023-12-27T20:25:07,codecarbon,09e5197c-effc-4a71-9185-de3f32bc4197,9.358601093292236,0.0001466252088909,1.5667428008665894e-05,42.5,131.1680994202385,94.3339819908142,0.0001104825225141,0.0003409508283027,0.0002452031141077,0.0006966364649246,United States,USA,new york,,,Linux-5.4.0-167-generic-x86_64-with-glibc2.31,3.9.15,2.3.2,4,Intel(R) Xeon(R) Gold 6258R CPU @ 2.70GHz,1,1 x NVIDIA GeForce RTX 3090,-76.4926,42.4444,251.5572853088379,machine,N,1.0
2023-12-27T20:25:21,codecarbon,65b8ffee-b7cc-467b-8a8e-e8124a7eed65,9.483502864837646,0.0001486826905104,1.5678035070958332e-05,42.5,131.34921309631915,94.3339819908142,0.0001119570347997,0.0003459788878927,0.0002484759194191,0.0007064118421117,United States,USA,new york,,,Linux-5.4.0-167-generic-x86_64-with-glibc2.31,3.9.15,2.3.2,4,Intel(R) Xeon(R) Gold 6258R CPU @ 2.70GHz,1,1 x NVIDIA GeForce RTX 3090,-76.4926,42.4444,251.5572853088379,machine,N,1.0
2023-12-27T20:25:36,codecarbon,4b28b373-7a2d-4cee-b603-b90826fc3bea,9.522765636444092,0.0001492565811211,1.5673658978849804e-05,42.5,131.31850549536694,94.3339819908142,0.000112420086397,0.0003472625000284,0.000249455888639,0.0007091384750645,United States,USA,new york,,,Linux-5.4.0-167-generic-x86_64-with-glibc2.31,3.9.15,2.3.2,4,Intel(R) Xeon(R) Gold 6258R CPU @ 2.70GHz,1,1 x NVIDIA GeForce RTX 3090,-76.4926,42.4444,251.5572853088379,machine,N,1.0
2023-12-27T20:25:50,codecarbon,bb04a0a1-a0ac-438f-9519-092f2d312f11,9.571116924285889,0.0001492957214061,1.5598568337127433e-05,42.5,129.98983475698765,94.3339819908142,0.0001129913815193,0.0003455613875615,0.0002507716668423,0.0007093244359233,United States,USA,new york,,,Linux-5.4.0-167-generic-x86_64-with-glibc2.31,3.9.15,2.3.2,4,Intel(R) Xeon(R) Gold 6258R CPU @ 2.70GHz,1,1 x NVIDIA GeForce RTX 3090,-76.4926,42.4444,251.5572853088379,machine,N,1.0
2023-12-27T20:26:05,codecarbon,672bbce7-6cd4-4fc7-89a7-196300f8ff13,9.523107051849363,0.0001488170863762,1.562694670615546e-05,42.5,130.54311446316777,94.3339819908142,0.0001124247277776,0.000345187220617,0.0002494384268967,0.0007070503752914,United States,USA,new york,,,Linux-5.4.0-167-generic-x86_64-with-glibc2.31,3.9.15,2.3.2,4,Intel(R) Xeon(R) Gold 6258R CPU @ 2.70GHz,1,1 x NVIDIA GeForce RTX 3090,-76.4926,42.4444,251.5572853088379,machine,N,1.0
2023-12-27T20:26:19,codecarbon,8aa9d023-8d51-4a41-80b6-d4aad020a58c,9.496998310089111,0.0001487037276141,1.565797136724362e-05,42.5,131.00562310797946,94.3339819908142,0.000112116460171,0.0003455649986676,0.0002488303334361,0.0007065117922748,United States,USA,new york,,,Linux-5.4.0-167-generic-x86_64-with-glibc2.31,3.9.15,2.3.2,4,Intel(R) Xeon(R) Gold 6258R CPU @ 2.70GHz,1,1 x NVIDIA GeForce RTX 3090,-76.4926,42.4444,251.5572853088379,machine,N,1.0
2023-12-27T20:26:34,codecarbon,68bc458f-60ed-4497-bcf2-06f05823fd86,9.706339120864868,0.0001521617949544,1.5676538091214276e-05,42.5,131.32425411957675,94.3339819908142,0.0001145877434147,0.0003540400054617,0.0002543137953192,0.0007229415441958,United States,USA,new york,,,Linux-5.4.0-167-generic-x86_64-with-glibc2.31,3.9.15,2.3.2,4,Intel(R) Xeon(R) Gold 6258R CPU @ 2.70GHz,1,1 x NVIDIA GeForce RTX 3090,-76.4926,42.4444,251.5572853088379,machine,N,1.0
2023-12-27T20:26:49,codecarbon,d36996b5-f4e4-4be2-9831-9c7f396cd352,9.804476022720335,0.0001532847732158,1.563416268861198e-05,42.5,130.6000787423418,94.3339819908142,0.0001157462618417,0.0003556466734124,0.0002568840325845,0.0007282769678387,United States,USA,new york,,,Linux-5.4.0-167-generic-x86_64-with-glibc2.31,3.9.15,2.3.2,4,Intel(R) Xeon(R) Gold 6258R CPU @ 2.70GHz,1,1 x NVIDIA GeForce RTX 3090,-76.4926,42.4444,251.5572853088379,machine,N,1.0
2023-12-27T20:27:03,codecarbon,f7195d44-466b-40cf-98d0-807acf5e319a,9.545884609222412,0.0001494090846744,1.5651675123974384e-05,42.5,130.89842893921184,94.3339819908142,0.0001126934915781,0.0003470591665433,0.0002501103822283,0.0007098630403497,United States,USA,new york,,,Linux-5.4.0-167-generic-x86_64-with-glibc2.31,3.9.15,2.3.2,4,Intel(R) Xeon(R) Gold 6258R CPU @ 2.70GHz,1,1 x NVIDIA GeForce RTX 3090,-76.4926,42.4444,251.5572853088379,machine,N,1.0
2023-12-27T20:27:18,codecarbon,a06e1cc1-1d60-45a1-9b87-b0e9ca513557,9.460644483566284,0.0001479978154058,1.5643523616481177e-05,42.5,130.7601208501912,94.3339819908142,0.000111687192983,0.0003435949970906,0.0002478757165419,0.0007031579066157,United States,USA,new york,,,Linux-5.4.0-167-generic-x86_64-with-glibc2.31,3.9.15,2.3.2,4,Intel(R) Xeon(R) Gold 6258R CPU @ 2.70GHz,1,1 x NVIDIA GeForce RTX 3090,-76.4926,42.4444,251.5572853088379,machine,N,1.0
2023-12-27T20:27:32,codecarbon,a0662abe-d029-4e0a-9546-1e6aa907a4af,9.37003254890442,0.0001468788612102,1.56753843109522e-05,42.5,131.3043355640011,94.3339819908142,0.0001106174518664,0.0003417216622807,0.0002455024877135,0.0006978416018607,United States,USA,new york,,,Linux-5.4.0-167-generic-x86_64-with-glibc2.31,3.9.15,2.3.2,4,Intel(R) Xeon(R) Gold 6258R CPU @ 2.70GHz,1,1 x NVIDIA GeForce RTX 3090,-76.4926,42.4444,251.5572853088379,machine,N,1.0
2023-12-27T20:27:47,codecarbon,43d8faae-0f94-48a2-9a70-a219212f7193,9.463298320770264,0.0001478483207488,1.562333931969208e-05,42.5,130.41385882431996,94.3339819908142,0.0001117185370789,0.0003427827742257,0.0002479463257051,0.0007024476370098,United States,USA,new york,,,Linux-5.4.0-167-generic-x86_64-with-glibc2.31,3.9.15,2.3.2,4,Intel(R) Xeon(R) Gold 6258R CPU @ 2.70GHz,1,1 x NVIDIA GeForce RTX 3090,-76.4926,42.4444,251.5572853088379,machine,N,1.0
2023-12-27T20:28:01,codecarbon,185dcaab-d08d-434e-9456-eaf6adbaaff7,9.53455662727356,0.0001488990052762,1.5616772871256696e-05,42.5,130.30193984887993,94.3339819908142,0.0001125598513417,0.0003450669427138,0.0002498127891581,0.0007074395832137,United States,USA,new york,,,Linux-5.4.0-167-generic-x86_64-with-glibc2.31,3.9.15,2.3.2,4,Intel(R) Xeon(R) Gold 6258R CPU @ 2.70GHz,1,1 x NVIDIA GeForce RTX 3090,-76.4926,42.4444,251.5572853088379,machine,N,1.0
2023-12-27T20:28:16,codecarbon,b7011fd9-38ae-46fd-a000-4f8c8ee9bb85,9.734128475189207,0.0001518387301845,1.5598595248823395e-05,42.5,129.99190520270793,94.3339819908142,0.0001149158093664,0.0003514502811583,0.0002550405286674,0.0007214066191922,United States,USA,new york,,,Linux-5.4.0-167-generic-x86_64-with-glibc2.31,3.9.15,2.3.2,4,Intel(R) Xeon(R) Gold 6258R CPU @ 2.70GHz,1,1 x NVIDIA GeForce RTX 3090,-76.4926,42.4444,251.5572853088379,machine,N,1.0
2023-12-27T20:28:30,codecarbon,06a8aea8-e631-42a6-8e03-2726ef650a6e,9.477338075637816,0.0001483335431263,1.565139303277747e-05,42.5,130.89295886729278,94.3339819908142,0.0001118843770689,0.0003445536089685,0.0002483150089955,0.000704752995033,United States,USA,new york,,,Linux-5.4.0-167-generic-x86_64-with-glibc2.31,3.9.15,2.3.2,4,Intel(R) Xeon(R) Gold 6258R CPU @ 2.70GHz,1,1 x NVIDIA GeForce RTX 3090,-76.4926,42.4444,251.5572853088379,machine,N,1.0
2023-12-27T20:28:45,codecarbon,b6d6b5fe-6973-424a-bcdf-6b820780464f,9.38174033164978,0.0001464083663737,1.560567242303722e-05,42.5,130.15981433575794,94.3339819908142,0.0001107552268438,0.0003390941601679,0.0002457568293913,0.0006956062164032,United States,USA,new york,,,Linux-5.4.0-167-generic-x86_64-with-glibc2.31,3.9.15,2.3.2,4,Intel(R) Xeon(R) Gold 6258R CPU @ 2.70GHz,1,1 x NVIDIA GeForce RTX 3090,-76.4926,42.4444,251.5572853088379,machine,N,1.0
2023-12-27T20:28:59,codecarbon,17464da1-6d11-40e7-aeab-fa7b45dd4cf9,9.489360332489014,0.0001481778093605,1.5615152567580533e-05,42.5,130.29127927890642,94.3339819908142,0.0001120262755288,0.0003433769413732,0.000248609865664,0.000704013082566,United States,USA,new york,,,Linux-5.4.0-167-generic-x86_64-with-glibc2.31,3.9.15,2.3.2,4,Intel(R) Xeon(R) Gold 6258R CPU @ 2.70GHz,1,1 x NVIDIA GeForce RTX 3090,-76.4926,42.4444,251.5572853088379,machine,N,1.0
2023-12-27T20:29:14,codecarbon,0eed1fcb-d059-4a3d-be74-9b09273e9227,9.469929933547974,0.0001482310582815,1.5652814679914047e-05,42.5,130.94868135095308,94.3339819908142,0.0001117969367239,0.0003443827755091,0.0002480863632554,0.0007042660754885,United States,USA,new york,,,Linux-5.4.0-167-generic-x86_64-with-glibc2.31,3.9.15,2.3.2,4,Intel(R) Xeon(R) Gold 6258R CPU @ 2.70GHz,1,1 x NVIDIA GeForce RTX 3090,-76.4926,42.4444,251.5572853088379,machine,N,1.0
2023-12-27T20:29:28,codecarbon,edeb2fcb-a283-48b7-9af6-ca42fe224000,9.546396732330322,0.0001493394942871,1.5643545776947798e-05,42.5,130.76039957049906,94.3339819908142,0.0001126994868119,0.0003467105551493,0.0002501223649194,0.0007095324068807,United States,USA,new york,,,Linux-5.4.0-167-generic-x86_64-with-glibc2.31,3.9.15,2.3.2,4,Intel(R) Xeon(R) Gold 6258R CPU @ 2.70GHz,1,1 x NVIDIA GeForce RTX 3090,-76.4926,42.4444,251.5572853088379,machine,N,1.0
2023-12-27T20:29:43,codecarbon,79987c5a-9d66-4447-a463-4f8c7dbd8678,9.49029016494751,0.0001480475669815,1.5599898887012425e-05,42.5,130.01253491376855,94.3339819908142,0.0001120372020535,0.0003427030519276,0.0002486540291903,0.0007033942831715,United States,USA,new york,,,Linux-5.4.0-167-generic-x86_64-with-glibc2.31,3.9.15,2.3.2,4,Intel(R) Xeon(R) Gold 6258R CPU @ 2.70GHz,1,1 x NVIDIA GeForce RTX 3090,-76.4926,42.4444,251.5572853088379,machine,N,1.0
2023-12-27T20:29:57,codecarbon,28cc9284-8e8e-46ad-a9a7-2b9a5d6b8798,9.291264057159424,0.0001454278961549,1.565211097868436e-05,42.5,130.90602770150764,94.3339819908142,0.0001096875770224,0.0003378213813647,0.0002434389096163,0.0006909478680035,United States,USA,new york,,,Linux-5.4.0-167-generic-x86_64-with-glibc2.31,3.9.15,2.3.2,4,Intel(R) Xeon(R) Gold 6258R CPU @ 2.70GHz,1,1 x NVIDIA GeForce RTX 3090,-76.4926,42.4444,251.5572853088379,machine,N,1.0
2023-12-27T20:30:11,codecarbon,146b8c18-8ae1-4d5f-b57b-19a0c2acd4e9,9.421175003051758,0.0001471516937759,1.5619250648489032e-05,42.5,130.34434859529458,94.3339819908142,0.0001112211522128,0.0003410744395324,0.0002468422750315,0.0006991378667768,United States,USA,new york,,,Linux-5.4.0-167-generic-x86_64-with-glibc2.31,3.9.15,2.3.2,4,Intel(R) Xeon(R) Gold 6258R CPU @ 2.70GHz,1,1 x NVIDIA GeForce RTX 3090,-76.4926,42.4444,251.5572853088379,machine,N,1.0
2023-12-27T20:30:26,codecarbon,b6ddd2b6-0b2e-4853-92b3-cd9f3a65ab73,9.535746335983276,0.0001486310082794,1.558672001567691e-05,42.5,129.787113560609,94.3339819908142,0.0001125738317767,0.0003437474972258,0.0002498449637458,0.0007061662927484,United States,USA,new york,,,Linux-5.4.0-167-generic-x86_64-with-glibc2.31,3.9.15,2.3.2,4,Intel(R) Xeon(R) Gold 6258R CPU @ 2.70GHz,1,1 x NVIDIA GeForce RTX 3090,-76.4926,42.4444,251.5572853088379,machine,N,1.0
2023-12-27T20:30:40,codecarbon,f4de79b4-8fb6-4ae9-a015-83f1d1829d05,9.448286771774292,0.0001479147830446,1.565519618716183e-05,42.5,130.95868299590109,94.3339819908142,0.0001115413202179,0.000343668886046,0.000247553202223,0.000702763408487,United States,USA,new york,,,Linux-5.4.0-167-generic-x86_64-with-glibc2.31,3.9.15,2.3.2,4,Intel(R) Xeon(R) Gold 6258R CPU @ 2.70GHz,1,1 x NVIDIA GeForce RTX 3090,-76.4926,42.4444,251.5572853088379,machine,N,1.0
2023-12-27T20:30:55,codecarbon,41a1ee41-d57c-419e-9570-938920c9109a,9.482955932617188,0.0001482066928263,1.5628744231169964e-05,42.5,130.50800803555674,94.3339819908142,0.0001119505301117,0.0003437408305302,0.0002484589512288,0.0007041503118708,United States,USA,new york,,,Linux-5.4.0-167-generic-x86_64-with-glibc2.31,3.9.15,2.3.2,4,Intel(R) Xeon(R) Gold 6258R CPU @ 2.70GHz,1,1 x NVIDIA GeForce RTX 3090,-76.4926,42.4444,251.5572853088379,machine,N,1.0
2023-12-27T20:31:09,codecarbon,4f788f15-4d5b-4630-88b6-1631c353cbe7,9.317657232284546,0.0001457652080768,1.564397621021674e-05,42.5,130.7670606144917,94.3339819908142,0.0001099991968936,0.0003384211040895,0.0002441301821956,0.0006925504831788,United States,USA,new york,,,Linux-5.4.0-167-generic-x86_64-with-glibc2.31,3.9.15,2.3.2,4,Intel(R) Xeon(R) Gold 6258R CPU @ 2.70GHz,1,1 x NVIDIA GeForce RTX 3090,-76.4926,42.4444,251.5572853088379,machine,N,1.0
2023-12-27T20:31:23,codecarbon,0d69824b-5657-4585-8f55-061d8736d798,9.43297266960144,0.0001477641782136,1.56646460653702e-05,42.5,131.12022229903351,94.3339819908142,0.0001113605512513,0.0003435352748226,0.0002471520382177,0.0007020478642916,United States,USA,new york,,,Linux-5.4.0-167-generic-x86_64-with-glibc2.31,3.9.15,2.3.2,4,Intel(R) Xeon(R) Gold 6258R CPU @ 2.70GHz,1,1 x NVIDIA GeForce RTX 3090,-76.4926,42.4444,251.5572853088379,machine,N,1.0
2023-12-27T20:31:38,codecarbon,47447079-2038-4149-88ac-26409dce7da7,9.527931451797484,0.00014914697033,1.56536569437558e-05,42.5,130.93203195141393,94.3339819908142,0.0001124815642833,0.0003464958327583,0.0002496403021304,0.0007086176991721,United States,USA,new york,,,Linux-5.4.0-167-generic-x86_64-with-glibc2.31,3.9.15,2.3.2,4,Intel(R) Xeon(R) Gold 6258R CPU @ 2.70GHz,1,1 x NVIDIA GeForce RTX 3090,-76.4926,42.4444,251.5572853088379,machine,N,1.0
2023-12-27T20:31:52,codecarbon,4575b73c-d67f-48b8-a563-1de3aabeedfb,9.50488805770874,0.0001490332378098,1.5679641559685423e-05,42.5,131.37660769004304,94.3339819908142,0.0001122095073262,0.0003468313885832,0.0002490364444698,0.0007080773403794,United States,USA,new york,,,Linux-5.4.0-167-generic-x86_64-with-glibc2.31,3.9.15,2.3.2,4,Intel(R) Xeon(R) Gold 6258R CPU @ 2.70GHz,1,1 x NVIDIA GeForce RTX 3090,-76.4926,42.4444,251.5572853088379,machine,N,1.0
2023-12-27T20:32:07,codecarbon,33b74140-5070-4c42-8463-402a08d8e671,9.655489444732666,0.0001513318466902,1.567314091703152e-05,42.5,131.2643882962754,94.3339819908142,0.0001139875501394,0.0003520269482919,0.0002529838478023,0.0007189983462337,United States,USA,new york,,,Linux-5.4.0-167-generic-x86_64-with-glibc2.31,3.9.15,2.3.2,4,Intel(R) Xeon(R) Gold 6258R CPU @ 2.70GHz,1,1 x NVIDIA GeForce RTX 3090,-76.4926,42.4444,251.5572853088379,machine,N,1.0
2023-12-27T20:32:21,codecarbon,02e784f6-8f0b-4d59-bcbb-70dfc35eb29e,9.58709454536438,0.0001503126917689,1.5678649152531335e-05,42.5,131.36203881816584,94.3339819908142,0.0001131799668073,0.0003497888909294,0.0002511873437733,0.0007141562015101,United States,USA,new york,,,Linux-5.4.0-167-generic-x86_64-with-glibc2.31,3.9.15,2.3.2,4,Intel(R) Xeon(R) Gold 6258R CPU @ 2.70GHz,1,1 x NVIDIA GeForce RTX 3090,-76.4926,42.4444,251.5572853088379,machine,N,1.0
2023-12-27T20:32:36,codecarbon,df627e92-6cd9-46cc-acfe-b12128b36ce5,9.738593339920044,0.0001525939502829,1.5668992939403205e-05,42.5,131.2268883093713,94.3339819908142,0.0001149686377909,0.0003549027839255,0.000255123351679,0.0007249947733955,United States,USA,new york,,,Linux-5.4.0-167-generic-x86_64-with-glibc2.31,3.9.15,2.3.2,4,Intel(R) Xeon(R) Gold 6258R CPU @ 2.70GHz,1,1 x NVIDIA GeForce RTX 3090,-76.4926,42.4444,251.5572853088379,machine,N,1.0
2023-12-27T20:32:50,codecarbon,45fa0830-752e-4fd2-ab48-a8343f7ad330,9.477256536483765,0.0001487492497707,1.569539129791047e-05,42.5,131.64681756916443,94.3339819908142,0.0001118831498755,0.0003465333327881,0.000248311591617,0.0007067280742806,United States,USA,new york,,,Linux-5.4.0-167-generic-x86_64-with-glibc2.31,3.9.15,2.3.2,4,Intel(R) Xeon(R) Gold 6258R CPU @ 2.70GHz,1,1 x NVIDIA GeForce RTX 3090,-76.4926,42.4444,251.5572853088379,machine,N,1.0
2023-12-27T20:33:05,codecarbon,cb7beff9-2a41-40e7-a388-2737f1807b59,9.517881870269775,0.0001487786254058,1.5631484760345407e-05,42.5,130.60010214864388,94.3339819908142,0.0001123629993862,0.0003451802761418,0.0002493243664213,0.0007068676419494,United States,USA,new york,,,Linux-5.4.0-167-generic-x86_64-with-glibc2.31,3.9.15,2.3.2,4,Intel(R) Xeon(R) Gold 6258R CPU @ 2.70GHz,1,1 x NVIDIA GeForce RTX 3090,-76.4926,42.4444,251.5572853088379,machine,N,1.0
2023-12-27T20:33:19,codecarbon,60174be4-8307-454b-859f-9f1baf458f9e,9.484142303466797,0.0001481505022533,1.5620864545570106e-05,42.5,130.37137937490508,94.3339819908142,0.0001119646906852,0.0003434261080741,0.0002484925439974,0.0007038833427568,United States,USA,new york,,,Linux-5.4.0-167-generic-x86_64-with-glibc2.31,3.9.15,2.3.2,4,Intel(R) Xeon(R) Gold 6258R CPU @ 2.70GHz,1,1 x NVIDIA GeForce RTX 3090,-76.4926,42.4444,251.5572853088379,machine,N,1.0
2023-12-27T20:33:34,codecarbon,d30238b1-d34d-489d-9b65-b439ecb0e341,9.29636812210083,0.0001458854863141,1.5692739831088358e-05,42.5,131.60323154751265,94.3339819908142,0.00010974783053,0.0003398047162903,0.0002435693947502,0.0006931219415705,United States,USA,new york,,,Linux-5.4.0-167-generic-x86_64-with-glibc2.31,3.9.15,2.3.2,4,Intel(R) Xeon(R) Gold 6258R CPU @ 2.70GHz,1,1 x NVIDIA GeForce RTX 3090,-76.4926,42.4444,251.5572853088379,machine,N,1.0
2023-12-27T20:33:48,codecarbon,29d93f04-bb17-493c-a55e-d142b24fc638,9.451330423355104,0.0001483952619561,1.5700991850781495e-05,42.5,131.74257019224737,94.3339819908142,0.0001115773282117,0.0003458369433246,0.0002476319581167,0.0007050462296532,United States,USA,new york,,,Linux-5.4.0-167-generic-x86_64-with-glibc2.31,3.9.15,2.3.2,4,Intel(R) Xeon(R) Gold 6258R CPU @ 2.70GHz,1,1 x NVIDIA GeForce RTX 3090,-76.4926,42.4444,251.5572853088379,machine,N,1.0
2023-12-27T22:12:39,codecarbon,d32ace4d-6da1-426b-bfaf-889513e1b141,11.13416051864624,0.0001688755988278,1.516734005631442e-05,42.5,122.61132755480514,94.3339819908142,0.0001314440048403,0.0003791800255612,0.0002917270869085,0.0008023511173101,United States,USA,new york,,,Linux-5.4.0-167-generic-x86_64-with-glibc2.31,3.9.15,2.3.2,4,Intel(R) Xeon(R) Gold 6258R CPU @ 2.70GHz,1,1 x NVIDIA GeForce RTX 3090,-76.4926,42.4444,251.5572853088379,machine,N,1.0
2023-12-27T22:12:54,codecarbon,edb7bdbf-e883-423b-9abc-4f6c352152a6,10.026612043380736,0.0001539375738047,1.535290017592898e-05,42.5,125.78669060850632,94.3339819908142,0.0001183687431944,0.000350302780248,0.0002627069894719,0.0007313785129144,United States,USA,new york,,,Linux-5.4.0-167-generic-x86_64-with-glibc2.31,3.9.15,2.3.2,4,Intel(R) Xeon(R) Gold 6258R CPU @ 2.70GHz,1,1 x NVIDIA GeForce RTX 3090,-76.4926,42.4444,251.5572853088379,machine,N,1.0
2023-12-27T22:13:09,codecarbon,b0020006-4c13-4be2-88a3-44a8d0c4600a,9.995172500610352,0.0001544892095304,1.5456382520759655e-05,42.5,127.55758425763894,94.3339819908142,0.0001179975678523,0.0003541197277456,0.0002618821142599,0.0007339994098579,United States,USA,new york,,,Linux-5.4.0-167-generic-x86_64-with-glibc2.31,3.9.15,2.3.2,4,Intel(R) Xeon(R) Gold 6258R CPU @ 2.70GHz,1,1 x NVIDIA GeForce RTX 3090,-76.4926,42.4444,251.5572853088379,machine,N,1.0
2023-12-27T22:13:24,codecarbon,b26f1eb8-e88e-4245-a020-d7a40c7627b6,9.979496479034424,0.000155001898984,1.5532036041064352e-05,42.5,128.8551184893575,94.3339819908142,0.0001178120899531,0.0003571563968307,0.000261466780941,0.0007364352677249,United States,USA,new york,,,Linux-5.4.0-167-generic-x86_64-with-glibc2.31,3.9.15,2.3.2,4,Intel(R) Xeon(R) Gold 6258R CPU @ 2.70GHz,1,1 x NVIDIA GeForce RTX 3090,-76.4926,42.4444,251.5572853088379,machine,N,1.0
2023-12-27T22:13:39,codecarbon,d7980348-e9a9-45cb-8e2e-3af9920a6f38,9.722848415374756,0.0001508513186585,1.551513632774643e-05,42.5,128.56302132576135,94.3339819908142,0.0001147827151748,0.0003471861110853,0.0002547464654306,0.0007167152916907,United States,USA,new york,,,Linux-5.4.0-167-generic-x86_64-with-glibc2.31,3.9.15,2.3.2,4,Intel(R) Xeon(R) Gold 6258R CPU @ 2.70GHz,1,1 x NVIDIA GeForce RTX 3090,-76.4926,42.4444,251.5572853088379,machine,N,1.0
2023-12-27T22:13:54,codecarbon,f4ecf573-fb2f-41ef-996e-d6ba20d183db,9.954948425292969,0.0001545935307242,1.5529315082286708e-05,42.5,128.83279391015134,94.3339819908142,0.0001175222893555,0.0003561763960533,0.0002607963687401,0.000734495054149,United States,USA,new york,,,Linux-5.4.0-167-generic-x86_64-with-glibc2.31,3.9.15,2.3.2,4,Intel(R) Xeon(R) Gold 6258R CPU @ 2.70GHz,1,1 x NVIDIA GeForce RTX 3090,-76.4926,42.4444,251.5572853088379,machine,N,1.0
2023-12-27T22:14:09,codecarbon,5afb6a87-7b11-4289-b417-91c8ad4efeaf,10.231208324432371,0.0001584522599221,1.5487150187704337e-05,42.5,128.08328197042712,94.3339819908142,0.0001207840906249,0.0003639769578427,0.0002680673570051,0.0007528284054728,United States,USA,new york,,,Linux-5.4.0-167-generic-x86_64-with-glibc2.31,3.9.15,2.3.2,4,Intel(R) Xeon(R) Gold 6258R CPU @ 2.70GHz,1,1 x NVIDIA GeForce RTX 3090,-76.4926,42.4444,251.5572853088379,machine,N,1.0
2023-12-27T22:14:24,codecarbon,b8af1161-ae09-4abb-8d28-95f294e94538,10.013025283813477,0.0001563086417255,1.5610531012859922e-05,42.5,130.19405990775235,94.3339819908142,0.0001182084058721,0.0003620850118863,0.0002623503638425,0.000742643781601,United States,USA,new york,,,Linux-5.4.0-167-generic-x86_64-with-glibc2.31,3.9.15,2.3.2,4,Intel(R) Xeon(R) Gold 6258R CPU @ 2.70GHz,1,1 x NVIDIA GeForce RTX 3090,-76.4926,42.4444,251.5572853088379,machine,N,1.0
2023-12-27T22:14:39,codecarbon,493214b8-194f-42bf-ab25-e35817903c29,9.93658447265625,0.0001544219476635,1.5540747234475258e-05,42.5,129.00443773089503,94.3339819908142,0.0001173057826028,0.0003560341737198,0.0002603398831863,0.0007336798395091,United States,USA,new york,,,Linux-5.4.0-167-generic-x86_64-with-glibc2.31,3.9.15,2.3.2,4,Intel(R) Xeon(R) Gold 6258R CPU @ 2.70GHz,1,1 x NVIDIA GeForce RTX 3090,-76.4926,42.4444,251.5572853088379,machine,N,1.0
2023-12-27T22:14:54,codecarbon,f49e7d78-77e7-4d3f-a18f-3f09cb0b9a4a,9.668004751205444,0.0001505063631862,1.5567468889327215e-05,42.5,129.4585748896062,94.3339819908142,0.0001141351989573,0.000347631944777,0.0002533092172254,0.0007150763609599,United States,USA,new york,,,Linux-5.4.0-167-generic-x86_64-with-glibc2.31,3.9.15,2.3.2,4,Intel(R) Xeon(R) Gold 6258R CPU @ 2.70GHz,1,1 x NVIDIA GeForce RTX 3090,-76.4926,42.4444,251.5572853088379,machine,N,1.0
2023-12-27T22:15:08,codecarbon,32a9c851-177c-4e2c-a6a6-2f1d40e685d7,9.863099098205566,0.000153757890834,1.558920672935772e-05,42.5,129.82933279451365,94.3339819908142,0.0001164383820361,0.0003556641734405,0.0002584222590151,0.0007305248144919,United States,USA,new york,,,Linux-5.4.0-167-generic-x86_64-with-glibc2.31,3.9.15,2.3.2,4,Intel(R) Xeon(R) Gold 6258R CPU @ 2.70GHz,1,1 x NVIDIA GeForce RTX 3090,-76.4926,42.4444,251.5572853088379,machine,N,1.0
2023-12-27T22:15:23,codecarbon,7f28d4e7-98fa-4409-8e7c-7412ad19434b,9.901443481445312,0.0001548868042963,1.5642850922348764e-05,42.5,130.74719461580014,94.3339819908142,0.0001168911657399,0.0003595705654362,0.0002594267059116,0.0007358884370878,United States,USA,new york,,,Linux-5.4.0-167-generic-x86_64-with-glibc2.31,3.9.15,2.3.2,4,Intel(R) Xeon(R) Gold 6258R CPU @ 2.70GHz,1,1 x NVIDIA GeForce RTX 3090,-76.4926,42.4444,251.5572853088379,machine,N,1.0
2023-12-27T22:15:38,codecarbon,7da0091b-6781-4ef7-afdc-ec0d91677268,9.960934162139893,0.0001555720176995,1.5618215637930603e-05,42.5,130.32521887187227,94.3339819908142,0.0001175934384266,0.0003605644551072,0.0002609860863528,0.0007391439798867,United States,USA,new york,,,Linux-5.4.0-167-generic-x86_64-with-glibc2.31,3.9.15,2.3.2,4,Intel(R) Xeon(R) Gold 6258R CPU @ 2.70GHz,1,1 x NVIDIA GeForce RTX 3090,-76.4926,42.4444,251.5572853088379,machine,N,1.0
2023-12-27T22:15:54,codecarbon,7858dce2-8b92-4d75-92d2-118d37d4b70a,10.176859617233276,0.0001583728186113,1.5562052005033104e-05,42.5,129.36417092400708,94.3339819908142,0.0001201425189773,0.0003656644592098,0.0002666439907289,0.000752450968916,United States,USA,new york,,,Linux-5.4.0-167-generic-x86_64-with-glibc2.31,3.9.15,2.3.2,4,Intel(R) Xeon(R) Gold 6258R CPU @ 2.70GHz,1,1 x NVIDIA GeForce RTX 3090,-76.4926,42.4444,251.5572853088379,machine,N,1.0
2023-12-27T22:16:09,codecarbon,a6618d09-c1f8-458e-81b4-2ff71686c2bf,10.132040977478027,0.00015772183654,1.556664021499769e-05,42.5,129.4452938290726,94.3339819908142,0.0001196132045653,0.0003642794580827,0.0002654654012191,0.0007493580638671,United States,USA,new york,,,Linux-5.4.0-167-generic-x86_64-with-glibc2.31,3.9.15,2.3.2,4,Intel(R) Xeon(R) Gold 6258R CPU @ 2.70GHz,1,1 x NVIDIA GeForce RTX 3090,-76.4926,42.4444,251.5572853088379,machine,N,1.0
2023-12-27T22:16:24,codecarbon,40513591-f1d0-47f7-845c-277e282e9609,10.040927171707152,0.0001566052984361,1.5596696974106763e-05,42.5,130.01324560133713,94.3339819908142,0.000118537625836,0.0003624997344502,0.0002630158780091,0.0007440532382953,United States,USA,new york,,,Linux-5.4.0-167-generic-x86_64-with-glibc2.31,3.9.15,2.3.2,4,Intel(R) Xeon(R) Gold 6258R CPU @ 2.70GHz,1,1 x NVIDIA GeForce RTX 3090,-76.4926,42.4444,251.5572853088379,machine,N,1.0
2023-12-27T22:16:39,codecarbon,f9b86173-645c-4bba-8109-3e824d32b889,9.823310613632202,0.0001536053533885,1.563682137622653e-05,42.5,130.64308326360165,94.3339819908142,0.0001159687328669,0.0003564508407265,0.0002573805145869,0.0007298000881804,United States,USA,new york,,,Linux-5.4.0-167-generic-x86_64-with-glibc2.31,3.9.15,2.3.2,4,Intel(R) Xeon(R) Gold 6258R CPU @ 2.70GHz,1,1 x NVIDIA GeForce RTX 3090,-76.4926,42.4444,251.5572853088379,machine,N,1.0
2023-12-27T22:16:53,codecarbon,ed857102-1b5e-4341-9046-7b074048fe10,9.81982135772705,0.0001534284075886,1.562435832581524e-05,42.5,130.43063954552855,94.3339819908142,0.0001159274811546,0.0003557436179306,0.0002572882953462,0.0007289593944315,United States,USA,new york,,,Linux-5.4.0-167-generic-x86_64-with-glibc2.31,3.9.15,2.3.2,4,Intel(R) Xeon(R) Gold 6258R CPU @ 2.70GHz,1,1 x NVIDIA GeForce RTX 3090,-76.4926,42.4444,251.5572853088379,machine,N,1.0
2023-12-27T22:17:08,codecarbon,c4bfc5cd-6510-45a9-a3a9-05858360fbf6,9.793179988861084,0.0001530630181408,1.5629552230728748e-05,42.5,130.51983668629595,94.3339819908142,0.0001156130353609,0.0003550205617983,0.0002565897819228,0.0007272233790822,United States,USA,new york,,,Linux-5.4.0-167-generic-x86_64-with-glibc2.31,3.9.15,2.3.2,4,Intel(R) Xeon(R) Gold 6258R CPU @ 2.70GHz,1,1 x NVIDIA GeForce RTX 3090,-76.4926,42.4444,251.5572853088379,machine,N,1.0
2023-12-27T22:17:23,codecarbon,66abdd9b-ae3a-4c7b-8c30-08eba40e3439,9.751110315322876,0.0001523487910275,1.5623737820720613e-05,42.5,130.4219455043615,94.3339819908142,0.0001151160783237,0.0003532286159213,0.0002554852939247,0.0007238299881699,United States,USA,new york,,,Linux-5.4.0-167-generic-x86_64-with-glibc2.31,3.9.15,2.3.2,4,Intel(R) Xeon(R) Gold 6258R CPU @ 2.70GHz,1,1 x NVIDIA GeForce RTX 3090,-76.4926,42.4444,251.5572853088379,machine,N,1.0
2023-12-27T22:17:38,codecarbon,e93c1575-6095-4ff4-b343-de0ad7b3381d,9.920541286468506,0.0001551116248502,1.5635399356873124e-05,42.5,130.64647350367142,94.3339819908142,0.0001171165583862,0.0003599441768358,0.0002598958551332,0.0007369565903552,United States,USA,new york,,,Linux-5.4.0-167-generic-x86_64-with-glibc2.31,3.9.15,2.3.2,4,Intel(R) Xeon(R) Gold 6258R CPU @ 2.70GHz,1,1 x NVIDIA GeForce RTX 3090,-76.4926,42.4444,251.5572853088379,machine,N,1.0
2023-12-27T22:17:53,codecarbon,9013e65e-2d0c-41cf-91b0-b22afd9c71a9,9.759621143341064,0.0001526350147142,1.5639440555369804e-05,42.5,130.69202850940997,94.3339819908142,0.0001152168010671,0.0003542658389648,0.0002557072361051,0.0007251898761371,United States,USA,new york,,,Linux-5.4.0-167-generic-x86_64-with-glibc2.31,3.9.15,2.3.2,4,Intel(R) Xeon(R) Gold 6258R CPU @ 2.70GHz,1,1 x NVIDIA GeForce RTX 3090,-76.4926,42.4444,251.5572853088379,machine,N,1.0
2023-12-27T22:18:07,codecarbon,5b749e6c-7fba-4e1e-b879-867330d86c60,9.81581735610962,0.0001533025419521,1.5617908971863e-05,42.5,130.31991473993838,94.3339819908142,0.0001158802736136,0.0003552972286797,0.0002571838872471,0.0007283613895406,United States,USA,new york,,,Linux-5.4.0-167-generic-x86_64-with-glibc2.31,3.9.15,2.3.2,4,Intel(R) Xeon(R) Gold 6258R CPU @ 2.70GHz,1,1 x NVIDIA GeForce RTX 3090,-76.4926,42.4444,251.5572853088379,machine,N,1.0
2023-12-27T22:18:22,codecarbon,c3f48440-218d-49da-b3fd-7503f80302ee,9.83216643333435,0.0001544803314275,1.5711728689195748e-05,42.5,131.92388479733916,94.3339819908142,0.000116073325773,0.0003602702882119,0.0002576136147893,0.0007339572287744,United States,USA,new york,,,Linux-5.4.0-167-generic-x86_64-with-glibc2.31,3.9.15,2.3.2,4,Intel(R) Xeon(R) Gold 6258R CPU @ 2.70GHz,1,1 x NVIDIA GeForce RTX 3090,-76.4926,42.4444,251.5572853088379,machine,N,1.0
2023-12-27T22:18:37,codecarbon,6cbf111e-bfcf-4b25-80e4-82f5933fb451,9.71589469909668,0.0001518191578935,1.5625854601708102e-05,42.5,130.4558138621701,94.3339819908142,0.0001147006423936,0.000352046948322,0.0002545660378396,0.0007213136285553,United States,USA,new york,,,Linux-5.4.0-167-generic-x86_64-with-glibc2.31,3.9.15,2.3.2,4,Intel(R) Xeon(R) Gold 6258R CPU @ 2.70GHz,1,1 x NVIDIA GeForce RTX 3090,-76.4926,42.4444,251.5572853088379,machine,N,1.0
2023-12-27T22:18:52,codecarbon,06b4db12-c35d-4f7f-9e18-989412f8129d,9.853027820587158,0.0001544306809886,1.5673423824706142e-05,42.5,131.27003048278067,94.3339819908142,0.0001163196032245,0.0003592436207355,0.0002581581087736,0.0007337213327338,United States,USA,new york,,,Linux-5.4.0-167-generic-x86_64-with-glibc2.31,3.9.15,2.3.2,4,Intel(R) Xeon(R) Gold 6258R CPU @ 2.70GHz,1,1 x NVIDIA GeForce RTX 3090,-76.4926,42.4444,251.5572853088379,machine,N,1.0
2023-12-27T22:19:07,codecarbon,8c5c92d2-453a-4eec-8f67-5963614be580,9.804686307907104,0.0001530585161215,1.5610750952642722e-05,42.5,130.19986645478164,94.3339819908142,0.0001157487612631,0.0003545641725395,0.0002568890555687,0.0007272019893714,United States,USA,new york,,,Linux-5.4.0-167-generic-x86_64-with-glibc2.31,3.9.15,2.3.2,4,Intel(R) Xeon(R) Gold 6258R CPU @ 2.70GHz,1,1 x NVIDIA GeForce RTX 3090,-76.4926,42.4444,251.5572853088379,machine,N,1.0
2023-12-27T22:19:21,codecarbon,4b13a495-ef20-4f6b-b225-1e226f3c41ea,9.775012731552124,0.0001525822634652,1.5609418387018362e-05,42.5,130.17533879531425,94.3339819908142,0.0001153985157608,0.0003534266716229,0.0002561140603389,0.0007249392477227,United States,USA,new york,,,Linux-5.4.0-167-generic-x86_64-with-glibc2.31,3.9.15,2.3.2,4,Intel(R) Xeon(R) Gold 6258R CPU @ 2.70GHz,1,1 x NVIDIA GeForce RTX 3090,-76.4926,42.4444,251.5572853088379,machine,N,1.0
2023-12-27T22:19:36,codecarbon,9cdcde93-bc3b-4173-801b-f0ba3ba73369,9.650163650512695,0.0001508544901669,1.5632324552229925e-05,42.5,130.5675498492824,94.3339819908142,0.0001139246198866,0.000349963335509,0.0002528424045662,0.0007167303599618,United States,USA,new york,,,Linux-5.4.0-167-generic-x86_64-with-glibc2.31,3.9.15,2.3.2,4,Intel(R) Xeon(R) Gold 6258R CPU @ 2.70GHz,1,1 x NVIDIA GeForce RTX 3090,-76.4926,42.4444,251.5572853088379,machine,N,1.0
2023-12-27T22:19:51,codecarbon,737a897e-e7bd-498e-8254-0188b4fa2ee1,9.728344440460203,0.0001526580657845,1.569209095327926e-05,42.5,131.58854288258533,94.3339819908142,0.000114847593175,0.0003555594511226,0.0002548923506341,0.0007252993949317,United States,USA,new york,,,Linux-5.4.0-167-generic-x86_64-with-glibc2.31,3.9.15,2.3.2,4,Intel(R) Xeon(R) Gold 6258R CPU @ 2.70GHz,1,1 x NVIDIA GeForce RTX 3090,-76.4926,42.4444,251.5572853088379,machine,N,1.0
2023-12-27T22:20:06,codecarbon,df33a9ac-0cd8-4e1a-809c-baf82f70fe47,9.81591820716858,0.0001534211394068,1.562983066574237e-05,42.5,130.5234302096648,94.3339819908142,0.0001158814867337,0.0003558563958137,0.000257186979756,0.0007289248623035,United States,USA,new york,,,Linux-5.4.0-167-generic-x86_64-with-glibc2.31,3.9.15,2.3.2,4,Intel(R) Xeon(R) Gold 6258R CPU @ 2.70GHz,1,1 x NVIDIA GeForce RTX 3090,-76.4926,42.4444,251.5572853088379,machine,N,1.0
2023-12-27T22:20:21,codecarbon,be6c1346-b0ca-4ac3-b768-a27c7df70d62,9.931282758712769,0.000155780123833,1.568580087968689e-05,42.5,131.54726084010264,94.3339819908142,0.0001172428720527,0.0003627564013157,0.000260133447283,0.0007401327206515,United States,USA,new york,,,Linux-5.4.0-167-generic-x86_64-with-glibc2.31,3.9.15,2.3.2,4,Intel(R) Xeon(R) Gold 6258R CPU @ 2.70GHz,1,1 x NVIDIA GeForce RTX 3090,-76.4926,42.4444,251.5572853088379,machine,N,1.0
2023-12-27T22:20:36,codecarbon,8f44909f-dbd8-4265-a56f-1afd30b8f3d2,9.906975746154783,0.0001545301689153,1.559811721304672e-05,42.5,129.98388544170558,94.3339819908142,0.0001169563702411,0.0003576686194719,0.0002595690237968,0.0007341940135098,United States,USA,new york,,,Linux-5.4.0-167-generic-x86_64-with-glibc2.31,3.9.15,2.3.2,4,Intel(R) Xeon(R) Gold 6258R CPU @ 2.70GHz,1,1 x NVIDIA GeForce RTX 3090,-76.4926,42.4444,251.5572853088379,machine,N,1.0
2023-12-27T22:20:51,codecarbon,b948d4e6-f5d0-48ca-b024-0b205f8960c4,9.935878276824951,0.0001555090080125,1.5651259373340425e-05,42.5,130.8900225864077,94.3339819908142,0.0001172976848151,0.0003612166778594,0.0002603302495525,0.0007388446122272,United States,USA,new york,,,Linux-5.4.0-167-generic-x86_64-with-glibc2.31,3.9.15,2.3.2,4,Intel(R) Xeon(R) Gold 6258R CPU @ 2.70GHz,1,1 x NVIDIA GeForce RTX 3090,-76.4926,42.4444,251.5572853088379,machine,N,1.0
2023-12-27T22:21:06,codecarbon,c15b674f-5270-4a0c-8592-763b8786ebd9,10.31906008720398,0.0001604273079531,1.5546697722217757e-05,42.5,129.10060739486315,94.3339819908142,0.0001218213251895,0.0003700197404583,0.0002703710637341,0.000762212129382,United States,USA,new york,,,Linux-5.4.0-167-generic-x86_64-with-glibc2.31,3.9.15,2.3.2,4,Intel(R) Xeon(R) Gold 6258R CPU @ 2.70GHz,1,1 x NVIDIA GeForce RTX 3090,-76.4926,42.4444,251.5572853088379,machine,N,1.0
2023-12-27T22:21:21,codecarbon,dbf20060-816f-4ba3-8ed0-027fe496f406,10.053548336029053,0.0001566854531675,1.5585089754432697e-05,42.5,129.75731302313037,94.3339819908142,0.000118686856495,0.000362332789848,0.0002634144180674,0.0007444340644105,United States,USA,new york,,,Linux-5.4.0-167-generic-x86_64-with-glibc2.31,3.9.15,2.3.2,4,Intel(R) Xeon(R) Gold 6258R CPU @ 2.70GHz,1,1 x NVIDIA GeForce RTX 3090,-76.4926,42.4444,251.5572853088379,machine,N,1.0
2023-12-27T22:21:36,codecarbon,fed7a28d-7b71-4139-9d5f-9d54781714ae,9.825737714767456,0.0001540714363782,1.5680393762872052e-05,42.5,131.38984939663987,94.3339819908142,0.000115997253855,0.0003585747312939,0.0002574425272,0.0007320145123491,United States,USA,new york,,,Linux-5.4.0-167-generic-x86_64-with-glibc2.31,3.9.15,2.3.2,4,Intel(R) Xeon(R) Gold 6258R CPU @ 2.70GHz,1,1 x NVIDIA GeForce RTX 3090,-76.4926,42.4444,251.5572853088379,machine,N,1.0
2023-12-27T22:21:51,codecarbon,f7673488-2695-4bf9-bef8-c0cd2a35d02e,9.866624116897585,0.0001539412556016,1.5602221568166582e-05,42.5,130.05298779558888,94.3339819908142,0.0001164799292882,0.0003564027851155,0.0002585132912322,0.0007313960056359,United States,USA,new york,,,Linux-5.4.0-167-generic-x86_64-with-glibc2.31,3.9.15,2.3.2,4,Intel(R) Xeon(R) Gold 6258R CPU @ 2.70GHz,1,1 x NVIDIA GeForce RTX 3090,-76.4926,42.4444,251.5572853088379,machine,N,1.0
2023-12-27T22:22:05,codecarbon,43185121-baf2-4241-b38c-022f40145533,9.707667350769045,0.0001523376957852,1.569251296741041e-05,42.5,131.6680166678761,94.3339819908142,0.0001146030129657,0.0003549047283541,0.000254269531833,0.000723777273153,United States,USA,new york,,,Linux-5.4.0-167-generic-x86_64-with-glibc2.31,3.9.15,2.3.2,4,Intel(R) Xeon(R) Gold 6258R CPU @ 2.70GHz,1,1 x NVIDIA GeForce RTX 3090,-76.4926,42.4444,251.5572853088379,machine,N,1.0
2023-12-27T22:22:20,codecarbon,fc51c3d3-8fc9-4dc1-bd69-951ef66d7d9b,9.827289342880247,0.0001533755926607,1.5607110700561322e-05,42.5,130.13522905429596,94.3339819908142,0.0001160157321227,0.0003552083396982,0.000257484391649,0.0007287084634701,United States,USA,new york,,,Linux-5.4.0-167-generic-x86_64-with-glibc2.31,3.9.15,2.3.2,4,Intel(R) Xeon(R) Gold 6258R CPU @ 2.70GHz,1,1 x NVIDIA GeForce RTX 3090,-76.4926,42.4444,251.5572853088379,machine,N,1.0
2023-12-27T22:22:35,codecarbon,df82ec64-26be-4229-8ff8-25ec72ed7544,9.914112329483032,0.0001547045740123,1.560448065050635e-05,42.5,130.09032202203375,94.3339819908142,0.0001170407144559,0.0003582227865734,0.0002597591350016,0.000735022636031,United States,USA,new york,,,Linux-5.4.0-167-generic-x86_64-with-glibc2.31,3.9.15,2.3.2,4,Intel(R) Xeon(R) Gold 6258R CPU @ 2.70GHz,1,1 x NVIDIA GeForce RTX 3090,-76.4926,42.4444,251.5572853088379,machine,N,1.0
2023-12-27T22:22:50,codecarbon,90f3d688-305d-4c43-8866-59c6f131e668,9.934887409210203,0.0001549689914817,1.5598464793683266e-05,42.5,130.02496394811266,94.3339819908142,0.000117285823822,0.000358732786978,0.000260260308871,0.0007362789196711,United States,USA,new york,,,Linux-5.4.0-167-generic-x86_64-with-glibc2.31,3.9.15,2.3.2,4,Intel(R) Xeon(R) Gold 6258R CPU @ 2.70GHz,1,1 x NVIDIA GeForce RTX 3090,-76.4926,42.4444,251.5572853088379,machine,N,1.0
2023-12-27T22:23:05,codecarbon,4c086242-9dea-4a0c-be87-8ebe840d4d6d,9.779456615447998,0.0001529767296732,1.56426615187958e-05,42.5,130.7438611723796,94.3339819908142,0.0001154509276151,0.0003551319507835,0.0002562305323465,0.0007268134107451,United States,USA,new york,,,Linux-5.4.0-167-generic-x86_64-with-glibc2.31,3.9.15,2.3.2,4,Intel(R) Xeon(R) Gold 6258R CPU @ 2.70GHz,1,1 x NVIDIA GeForce RTX 3090,-76.4926,42.4444,251.5572853088379,machine,N,1.0
2023-12-27T22:23:20,codecarbon,0e0be5e8-f007-4105-8750-d92dbacf5faa,9.697387218475342,0.0001514746007272,1.5620145644864143e-05,42.5,130.36152651566263,94.3339819908142,0.0001144818670219,0.0003511191697782,0.0002540755534302,0.0007196765902305,United States,USA,new york,,,Linux-5.4.0-167-generic-x86_64-with-glibc2.31,3.9.15,2.3.2,4,Intel(R) Xeon(R) Gold 6258R CPU @ 2.70GHz,1,1 x NVIDIA GeForce RTX 3090,-76.4926,42.4444,251.5572853088379,machine,N,1.0
2023-12-27T22:23:35,codecarbon,a2c39440-290e-499b-bf5e-2c813e12498d,9.847894191741943,0.0001534376155072,1.5580753866738315e-05,42.5,129.6839775496233,94.3339819908142,0.0001162590513626,0.0003547191726767,0.0002580249184754,0.0007290031425148,United States,USA,new york,,,Linux-5.4.0-167-generic-x86_64-with-glibc2.31,3.9.15,2.3.2,4,Intel(R) Xeon(R) Gold 6258R CPU @ 2.70GHz,1,1 x NVIDIA GeForce RTX 3090,-76.4926,42.4444,251.5572853088379,machine,N,1.0
2023-12-27T22:23:49,codecarbon,21eceb57-7e65-489f-9a45-28ffee808a65,9.895032167434692,0.0001542730194945,1.559095684421405e-05,42.5,129.8584668287146,94.3339819908142,0.0001168154738015,0.0003568969521836,0.0002592598353799,0.0007329722613651,United States,USA,new york,,,Linux-5.4.0-167-generic-x86_64-with-glibc2.31,3.9.15,2.3.2,4,Intel(R) Xeon(R) Gold 6258R CPU @ 2.70GHz,1,1 x NVIDIA GeForce RTX 3090,-76.4926,42.4444,251.5572853088379,machine,N,1.0
2023-12-27T22:24:04,codecarbon,829d9a35-60af-4652-9be9-a855781dee1c,9.80564022064209,0.0001533686845213,1.564086393854059e-05,42.5,130.7131039364648,94.3339819908142,0.0001157601015435,0.0003559988959125,0.0002569166444967,0.0007286756419528,United States,USA,new york,,,Linux-5.4.0-167-generic-x86_64-with-glibc2.31,3.9.15,2.3.2,4,Intel(R) Xeon(R) Gold 6258R CPU @ 2.70GHz,1,1 x NVIDIA GeForce RTX 3090,-76.4926,42.4444,251.5572853088379,machine,N,1.0
2023-12-27T22:24:19,codecarbon,27a8cecf-1025-40d2-bdf9-fbe4a68048c7,9.790191650390623,0.000153175436374,1.564580570472585e-05,42.5,130.7965950298818,94.3339819908142,0.000115577832361,0.0003556666734141,0.0002565129877418,0.000727757493517,United States,USA,new york,,,Linux-5.4.0-167-generic-x86_64-with-glibc2.31,3.9.15,2.3.2,4,Intel(R) Xeon(R) Gold 6258R CPU @ 2.70GHz,1,1 x NVIDIA GeForce RTX 3090,-76.4926,42.4444,251.5572853088379,machine,N,1.0
2023-12-27T22:24:34,codecarbon,652ea0f6-b8b2-4bbb-b968-5fabafc61a2e,9.700935363769531,0.0001520303478396,1.567172052372018e-05,42.5,131.2412875484928,94.3339819908142,0.0001145240644613,0.0003536205606593,0.0002541723958155,0.0007223170209363,United States,USA,new york,,,Linux-5.4.0-167-generic-x86_64-with-glibc2.31,3.9.15,2.3.2,4,Intel(R) Xeon(R) Gold 6258R CPU @ 2.70GHz,1,1 x NVIDIA GeForce RTX 3090,-76.4926,42.4444,251.5572853088379,machine,N,1.0
2023-12-27T22:24:49,codecarbon,9c0a42ea-3f31-4325-bd90-7dc16eb1d545,9.787142753601074,0.0001532529808799,1.5658602795341154e-05,42.5,131.01766544158713,94.3339819908142,0.0001155416948927,0.0003561538960354,0.000256430327165,0.0007281259180933,United States,USA,new york,,,Linux-5.4.0-167-generic-x86_64-with-glibc2.31,3.9.15,2.3.2,4,Intel(R) Xeon(R) Gold 6258R CPU @ 2.70GHz,1,1 x NVIDIA GeForce RTX 3090,-76.4926,42.4444,251.5572853088379,machine,N,1.0
2023-12-27T22:25:03,codecarbon,c8f18910-3c7b-470a-bfa3-c807775541ff,9.635315179824827,0.0001506104598008,1.5631088032929067e-05,42.5,130.54637385729276,94.3339819908142,0.0001137493958075,0.0003493686128166,0.0002524529296198,0.000715570938244,United States,USA,new york,,,Linux-5.4.0-167-generic-x86_64-with-glibc2.31,3.9.15,2.3.2,4,Intel(R) Xeon(R) Gold 6258R CPU @ 2.70GHz,1,1 x NVIDIA GeForce RTX 3090,-76.4926,42.4444,251.5572853088379,machine,N,1.0
2023-12-27T22:25:18,codecarbon,651552b5-25f4-4056-a9a2-e95931705c50,9.68928289413452,0.0001514121203597,1.5626762270649012e-05,42.5,130.471638606063,94.3339819908142,0.0001143864414758,0.0003511250031067,0.0002538682928578,0.0007193797374404,United States,USA,new york,,,Linux-5.4.0-167-generic-x86_64-with-glibc2.31,3.9.15,2.3.2,4,Intel(R) Xeon(R) Gold 6258R CPU @ 2.70GHz,1,1 x NVIDIA GeForce RTX 3090,-76.4926,42.4444,251.5572853088379,machine,N,1.0
2023-12-27T22:25:33,codecarbon,955fb598-e4fa-458d-b0e2-bd62137724d2,9.740455389022827,0.000152449154623,1.56511321631695e-05,42.5,130.8882527104656,94.3339819908142,0.000114990637203,0.0003541069499561,0.0002552092422095,0.0007243068293687,United States,USA,new york,,,Linux-5.4.0-167-generic-x86_64-with-glibc2.31,3.9.15,2.3.2,4,Intel(R) Xeon(R) Gold 6258R CPU @ 2.70GHz,1,1 x NVIDIA GeForce RTX 3090,-76.4926,42.4444,251.5572853088379,machine,N,1.0
2023-12-27T22:25:48,codecarbon,f530ffc4-2862-43ca-9d02-9756ab577593,9.742905378341677,0.0001520000092818,1.560109673442054e-05,42.5,130.03224178542703,94.3339819908142,0.0001150195297267,0.0003518797259403,0.0002552736226224,0.0007221728782895,United States,USA,new york,,,Linux-5.4.0-167-generic-x86_64-with-glibc2.31,3.9.15,2.3.2,4,Intel(R) Xeon(R) Gold 6258R CPU @ 2.70GHz,1,1 x NVIDIA GeForce RTX 3090,-76.4926,42.4444,251.5572853088379,machine,N,1.0
2023-12-27T22:26:02,codecarbon,75a43e2a-2f1e-4021-b699-2610e668893d,9.728644847869871,0.0001516699480118,1.55900385288595e-05,42.5,129.84555238045397,94.3339819908142,0.0001148511565393,0.0003508572251291,0.000254896330287,0.0007206047119555,United States,USA,new york,,,Linux-5.4.0-167-generic-x86_64-with-glibc2.31,3.9.15,2.3.2,4,Intel(R) Xeon(R) Gold 6258R CPU @ 2.70GHz,1,1 x NVIDIA GeForce RTX 3090,-76.4926,42.4444,251.5572853088379,machine,N,1.0
2023-12-27T22:26:17,codecarbon,9782e82b-897b-497b-a6e6-b661ebb1d568,10.021604299545288,0.0001562871154276,1.5595019595286923e-05,42.5,129.93175456230782,94.3339819908142,0.0001183096211817,0.0003616605671084,0.000262571318919,0.0007425415072092,United States,USA,new york,,,Linux-5.4.0-167-generic-x86_64-with-glibc2.31,3.9.15,2.3.2,4,Intel(R) Xeon(R) Gold 6258R CPU @ 2.70GHz,1,1 x NVIDIA GeForce RTX 3090,-76.4926,42.4444,251.5572853088379,machine,N,1.0
2023-12-27T22:26:32,codecarbon,3ea0d2cf-e459-417b-9081-2b9f29e1f0a3,10.022960901260376,0.0001563762528345,1.5601802139613143e-05,42.5,130.0633065359544,94.3339819908142,0.0001183257689078,0.0003620500118586,0.0002625892304808,0.0007429650112473,United States,USA,new york,,,Linux-5.4.0-167-generic-x86_64-with-glibc2.31,3.9.15,2.3.2,4,Intel(R) Xeon(R) Gold 6258R CPU @ 2.70GHz,1,1 x NVIDIA GeForce RTX 3090,-76.4926,42.4444,251.5572853088379,machine,N,1.0
2023-12-27T22:26:47,codecarbon,414ccd75-95e0-4465-889d-711235ae4924,9.848990201950071,0.0001543540636848,1.567206998076382e-05,42.5,131.2836866036021,94.3339819908142,0.0001162719200054,0.000359074731719,0.0002580106616969,0.0007333573134214,United States,USA,new york,,,Linux-5.4.0-167-generic-x86_64-with-glibc2.31,3.9.15,2.3.2,4,Intel(R) Xeon(R) Gold 6258R CPU @ 2.70GHz,1,1 x NVIDIA GeForce RTX 3090,-76.4926,42.4444,251.5572853088379,machine,N,1.0
2023-12-27T22:27:02,codecarbon,ec8ab71e-5a29-419e-bb52-f35b3fb24394,9.674737691879272,0.0001513290406075,1.564166858338254e-05,42.5,130.72659231649786,94.3339819908142,0.0001142148032784,0.000351283058805,0.0002534871520668,0.0007189850141503,United States,USA,new york,,,Linux-5.4.0-167-generic-x86_64-with-glibc2.31,3.9.15,2.3.2,4,Intel(R) Xeon(R) Gold 6258R CPU @ 2.70GHz,1,1 x NVIDIA GeForce RTX 3090,-76.4926,42.4444,251.5572853088379,machine,N,1.0
2023-12-27T22:27:17,codecarbon,34973131-cb3e-4b67-9655-17b5bb42c5e3,9.62448763847351,0.000151097105886,1.56992363190335e-05,42.5,131.71171737941538,94.3339819908142,0.000113621449636,0.0003520913927843,0.0002521702180773,0.0007178830604977,United States,USA,new york,,,Linux-5.4.0-167-generic-x86_64-with-glibc2.31,3.9.15,2.3.2,4,Intel(R) Xeon(R) Gold 6258R CPU @ 2.70GHz,1,1 x NVIDIA GeForce RTX 3090,-76.4926,42.4444,251.5572853088379,machine,N,1.0
2023-12-27T22:27:32,codecarbon,344c21ce-7270-4e11-ba6c-d4d5465ba315,9.844742059707642,0.0001535912922243,1.560135260962906e-05,42.5,130.0416021760116,94.3339819908142,0.0001162217373649,0.0003555758400182,0.0002579357042788,0.0007297332816619,United States,USA,new york,,,Linux-5.4.0-167-generic-x86_64-with-glibc2.31,3.9.15,2.3.2,4,Intel(R) Xeon(R) Gold 6258R CPU @ 2.70GHz,1,1 x NVIDIA GeForce RTX 3090,-76.4926,42.4444,251.5572853088379,machine,N,1.0
2023-12-27T22:27:46,codecarbon,2835b1de-5224-41a9-95c3-d3a6ae6a22b6,9.883352518081663,0.0001548056956721,1.5663277758126163e-05,42.5,131.09809200331495,94.3339819908142,0.0001166772344046,0.0003598750101048,0.0002589508343879,0.0007355030788973,United States,USA,new york,,,Linux-5.4.0-167-generic-x86_64-with-glibc2.31,3.9.15,2.3.2,4,Intel(R) Xeon(R) Gold 6258R CPU @ 2.70GHz,1,1 x NVIDIA GeForce RTX 3090,-76.4926,42.4444,251.5572853088379,machine,N,1.0
2023-12-27T22:28:01,codecarbon,640ef5b5-f42c-4901-be2a-670fd6d7fe26,9.80754804611206,0.0001532447754714,1.562518733030235e-05,42.5,130.44438474576,94.3339819908142,0.0001157826892203,0.0003553369509319,0.0002569672929205,0.0007280869330728,United States,USA,new york,,,Linux-5.4.0-167-generic-x86_64-with-glibc2.31,3.9.15,2.3.2,4,Intel(R) Xeon(R) Gold 6258R CPU @ 2.70GHz,1,1 x NVIDIA GeForce RTX 3090,-76.4926,42.4444,251.5572853088379,machine,N,1.0
2023-12-27T22:28:16,codecarbon,5e589656-195c-40b8-9065-435ea3f58661,9.923361778259276,0.0001550368851145,1.5623423652078966e-05,42.5,130.4138424484233,94.3339819908142,0.0001171499402986,0.0003594491764431,0.0002600023748848,0.0007366014916266,United States,USA,new york,,,Linux-5.4.0-167-generic-x86_64-with-glibc2.31,3.9.15,2.3.2,4,Intel(R) Xeon(R) Gold 6258R CPU @ 2.70GHz,1,1 x NVIDIA GeForce RTX 3090,-76.4926,42.4444,251.5572853088379,machine,N,1.0
2023-12-27T22:28:31,codecarbon,8763f345-97a2-4775-b033-1d8808468511,9.6484112739563,0.0001507246408713,1.5621705645797706e-05,42.5,130.38538383515058,94.3339819908142,0.0001139038786292,0.0003494125017624,0.0002527970477687,0.0007161134281604,United States,USA,new york,,,Linux-5.4.0-167-generic-x86_64-with-glibc2.31,3.9.15,2.3.2,4,Intel(R) Xeon(R) Gold 6258R CPU @ 2.70GHz,1,1 x NVIDIA GeForce RTX 3090,-76.4926,42.4444,251.5572853088379,machine,N,1.0
2023-12-27T22:28:46,codecarbon,51d0fb22-f170-407e-8231-2ccf6c5ecc49,9.763450860977173,0.0001524535950226,1.5614724465095854e-05,42.5,130.26577668161283,94.3339819908142,0.0001152620890074,0.0003532544492514,0.000255811388057,0.0007243279263159,United States,USA,new york,,,Linux-5.4.0-167-generic-x86_64-with-glibc2.31,3.9.15,2.3.2,4,Intel(R) Xeon(R) Gold 6258R CPU @ 2.70GHz,1,1 x NVIDIA GeForce RTX 3090,-76.4926,42.4444,251.5572853088379,machine,N,1.0
2023-12-27T22:29:01,codecarbon,060d89c0-a0b7-42be-b767-c53e63e4dfb9,10.068970203399658,0.0001574786239768,1.563999304751597e-05,42.5,130.69849582221167,94.3339819908142,0.0001188688470257,0.0003655177924173,0.0002638158881999,0.000748202527643,United States,USA,new york,,,Linux-5.4.0-167-generic-x86_64-with-glibc2.31,3.9.15,2.3.2,4,Intel(R) Xeon(R) Gold 6258R CPU @ 2.70GHz,1,1 x NVIDIA GeForce RTX 3090,-76.4926,42.4444,251.5572853088379,machine,N,1.0
2023-12-27T22:29:16,codecarbon,2281082e-54bc-4b4b-a774-ac51d5b24d6c,9.87764835357666,0.0001541840002153,1.5609383397367984e-05,42.5,130.19119092012295,94.3339819908142,0.0001166097162498,0.000357155563492,0.0002587840388261,0.0007325493185679,United States,USA,new york,,,Linux-5.4.0-167-generic-x86_64-with-glibc2.31,3.9.15,2.3.2,4,Intel(R) Xeon(R) Gold 6258R CPU @ 2.70GHz,1,1 x NVIDIA GeForce RTX 3090,-76.4926,42.4444,251.5572853088379,machine,N,1.0
2023-12-27T22:29:31,codecarbon,c886aee8-9e44-41aa-89c4-e9c97bda013f,9.716071605682371,0.0001525152858899,1.56972171552083e-05,42.5,131.6786886567191,94.3339819908142,0.0001147026942835,0.0003553502842663,0.0002545680495322,0.0007246210280822,United States,USA,new york,,,Linux-5.4.0-167-generic-x86_64-with-glibc2.31,3.9.15,2.3.2,4,Intel(R) Xeon(R) Gold 6258R CPU @ 2.70GHz,1,1 x NVIDIA GeForce RTX 3090,-76.4926,42.4444,251.5572853088379,machine,N,1.0
2023-12-27T22:29:45,codecarbon,abd9d669-1f4a-478f-a2b3-b4405f214438,9.593266248703005,0.0001502111506627,1.56579778741199e-05,42.5,131.0075277828723,94.3339819908142,0.0001132529116339,0.0003490705570357,0.0002513502971271,0.0007136737657967,United States,USA,new york,,,Linux-5.4.0-167-generic-x86_64-with-glibc2.31,3.9.15,2.3.2,4,Intel(R) Xeon(R) Gold 6258R CPU @ 2.70GHz,1,1 x NVIDIA GeForce RTX 3090,-76.4926,42.4444,251.5572853088379,machine,N,1.0
2023-12-27T22:30:00,codecarbon,3637f389-5817-49b0-a2e0-517b83243f9c,9.746763706207275,0.0001527643359451,1.567333943346282e-05,42.5,131.26867079017882,94.3339819908142,0.000115065135724,0.0003553655620578,0.0002553736012491,0.000725804299031,United States,USA,new york,,,Linux-5.4.0-167-generic-x86_64-with-glibc2.31,3.9.15,2.3.2,4,Intel(R) Xeon(R) Gold 6258R CPU @ 2.70GHz,1,1 x NVIDIA GeForce RTX 3090,-76.4926,42.4444,251.5572853088379,machine,N,1.0
2023-12-27T22:30:15,codecarbon,78418c23-7a04-498a-99e3-99892e49ae45,9.812036991119385,0.0001530557949391,1.5598778834369375e-05,42.5,129.9931070902895,94.3339819908142,0.0001158356048994,0.0003542691722913,0.00025708428347,0.0007271890606608,United States,USA,new york,,,Linux-5.4.0-167-generic-x86_64-with-glibc2.31,3.9.15,2.3.2,4,Intel(R) Xeon(R) Gold 6258R CPU @ 2.70GHz,1,1 x NVIDIA GeForce RTX 3090,-76.4926,42.4444,251.5572853088379,machine,N,1.0
2023-12-27T22:30:30,codecarbon,5d640765-4a46-4182-8fb3-e4b0eb48e317,9.825834274291992,0.0001535549859224,1.562767920116512e-05,42.5,130.48760702900708,94.3339819908142,0.0001159984669751,0.0003561166737711,0.0002574456446989,0.0007295607854452,United States,USA,new york,,,Linux-5.4.0-167-generic-x86_64-with-glibc2.31,3.9.15,2.3.2,4,Intel(R) Xeon(R) Gold 6258R CPU @ 2.70GHz,1,1 x NVIDIA GeForce RTX 3090,-76.4926,42.4444,251.5572853088379,machine,N,1.0
2023-12-27T22:30:44,codecarbon,e3ac0418-8347-4d3a-b07a-c71a81a4cbc3,9.756019830703735,0.0001526344686186,1.5645157683902495e-05,42.5,130.787711767181,94.3339819908142,0.0001151742658681,0.0003543980613045,0.0002556149543895,0.0007251872815622,United States,USA,new york,,,Linux-5.4.0-167-generic-x86_64-with-glibc2.31,3.9.15,2.3.2,4,Intel(R) Xeon(R) Gold 6258R CPU @ 2.70GHz,1,1 x NVIDIA GeForce RTX 3090,-76.4926,42.4444,251.5572853088379,machine,N,1.0
2023-12-27T22:30:59,codecarbon,9c5f9f80-7828-4922-9d38-119fd35df945,9.662105083465576,0.0001513687622995,1.5666230184003144e-05,42.5,131.17948034119289,94.3339819908142,0.0001140651701225,0.0003519888926888,0.0002531196745425,0.0007191737373538,United States,USA,new york,,,Linux-5.4.0-167-generic-x86_64-with-glibc2.31,3.9.15,2.3.2,4,Intel(R) Xeon(R) Gold 6258R CPU @ 2.70GHz,1,1 x NVIDIA GeForce RTX 3090,-76.4926,42.4444,251.5572853088379,machine,N,1.0
2023-12-27T22:31:14,codecarbon,71f63893-8175-4ba3-9201-16f798769ea8,9.773244142532349,0.0001529534843293,1.5650226485568358e-05,42.5,130.87255440535458,94.3339819908142,0.0001153776985075,0.0003552566730888,0.000256068597334,0.0007267029689305,United States,USA,new york,,,Linux-5.4.0-167-generic-x86_64-with-glibc2.31,3.9.15,2.3.2,4,Intel(R) Xeon(R) Gold 6258R CPU @ 2.70GHz,1,1 x NVIDIA GeForce RTX 3090,-76.4926,42.4444,251.5572853088379,machine,N,1.0
2023-12-27T22:31:29,codecarbon,daf84151-4151-4edb-87f7-f26bd84c034c,9.893264532089232,0.0001544373829703,1.5610356163974115e-05,42.5,130.19024720862484,94.3339819908142,0.0001167946340309,0.0003577447306355,0.0002592138101007,0.0007337531747672,United States,USA,new york,,,Linux-5.4.0-167-generic-x86_64-with-glibc2.31,3.9.15,2.3.2,4,Intel(R) Xeon(R) Gold 6258R CPU @ 2.70GHz,1,1 x NVIDIA GeForce RTX 3090,-76.4926,42.4444,251.5572853088379,machine,N,1.0
2023-12-27T22:31:44,codecarbon,1f4463db-90cb-41c3-a034-b580c41bcd0c,9.786710023880005,0.000152696140681,1.5602397568588447e-05,42.5,130.05456859776103,94.3339819908142,0.0001155365581313,0.000353522505037,0.0002564212308156,0.000725480293984,United States,USA,new york,,,Linux-5.4.0-167-generic-x86_64-with-glibc2.31,3.9.15,2.3.2,4,Intel(R) Xeon(R) Gold 6258R CPU @ 2.70GHz,1,1 x NVIDIA GeForce RTX 3090,-76.4926,42.4444,251.5572853088379,machine,N,1.0
2023-12-27T22:31:58,codecarbon,13b1d4ca-60f9-4511-a874-7d47ae2b5abd,9.50064253807068,0.000148604387207,1.5641509151780807e-05,42.5,130.7449579471273,94.3339819908142,0.0001121594569749,0.0003449777759669,0.0002489025794424,0.0007060398123843,United States,USA,new york,,,Linux-5.4.0-167-generic-x86_64-with-glibc2.31,3.9.15,2.3.2,4,Intel(R) Xeon(R) Gold 6258R CPU @ 2.70GHz,1,1 x NVIDIA GeForce RTX 3090,-76.4926,42.4444,251.5572853088379,machine,N,1.0
2023-12-27T22:32:13,codecarbon,556f29e5-1374-45ba-b91b-0c324dd7a096,9.768232583999634,0.0001528735094268,1.5650068537194597e-05,42.5,130.87205991153672,94.3339819908142,0.0001153184273176,0.0003550700062646,0.0002559345636243,0.0007263229972066,United States,USA,new york,,,Linux-5.4.0-167-generic-x86_64-with-glibc2.31,3.9.15,2.3.2,4,Intel(R) Xeon(R) Gold 6258R CPU @ 2.70GHz,1,1 x NVIDIA GeForce RTX 3090,-76.4926,42.4444,251.5572853088379,machine,N,1.0
2023-12-27T22:32:28,codecarbon,bc89f5d8-7d97-499e-823e-6db5ef1254c9,9.7262921333313,0.0001523210011083,1.5660747078152555e-05,42.5,131.05293129379442,94.3339819908142,0.0001148234377304,0.0003540363943272,0.0002548381223969,0.0007236979544546,United States,USA,new york,,,Linux-5.4.0-167-generic-x86_64-with-glibc2.31,3.9.15,2.3.2,4,Intel(R) Xeon(R) Gold 6258R CPU @ 2.70GHz,1,1 x NVIDIA GeForce RTX 3090,-76.4926,42.4444,251.5572853088379,machine,N,1.0
2023-12-27T22:32:43,codecarbon,26883db5-0630-4db7-aca2-272662d92463,9.757416009902954,0.0001519553143677,1.557331512907679e-05,42.5,129.55784146697903,94.3339819908142,0.0001151908273498,0.0003511169475558,0.0002556527517207,0.0007219605266264,United States,USA,new york,,,Linux-5.4.0-167-generic-x86_64-with-glibc2.31,3.9.15,2.3.2,4,Intel(R) Xeon(R) Gold 6258R CPU @ 2.70GHz,1,1 x NVIDIA GeForce RTX 3090,-76.4926,42.4444,251.5572853088379,machine,N,1.0
2023-12-27T22:32:57,codecarbon,7ec61e5e-e46c-444b-9cf8-944dfa7f54be,9.718366622924805,0.0001525242693426,1.5694434595916565e-05,42.5,131.62988558948177,94.3339819908142,0.0001147298276424,0.0003553044509061,0.0002546294311486,0.0007246637096972,United States,USA,new york,,,Linux-5.4.0-167-generic-x86_64-with-glibc2.31,3.9.15,2.3.2,4,Intel(R) Xeon(R) Gold 6258R CPU @ 2.70GHz,1,1 x NVIDIA GeForce RTX 3090,-76.4926,42.4444,251.5572853088379,machine,N,1.0
2023-12-27T22:33:12,codecarbon,41b9bca7-d57a-4009-bf56-214f882455b9,9.761255025863647,0.000151997022946,1.557146315134108e-05,42.5,129.52506742952795,94.3339819908142,0.0001152361884713,0.0003511675031404,0.0002557549981873,0.0007221586897991,United States,USA,new york,,,Linux-5.4.0-167-generic-x86_64-with-glibc2.31,3.9.15,2.3.2,4,Intel(R) Xeon(R) Gold 6258R CPU @ 2.70GHz,1,1 x NVIDIA GeForce RTX 3090,-76.4926,42.4444,251.5572853088379,machine,N,1.0
2023-12-27T22:33:27,codecarbon,4e9f5e87-b00d-408c-889d-bb48d562b42c,10.178968667984009,0.0001589320768223,1.5613770118212363e-05,42.5,130.2494249828134,94.3339819908142,0.0001201673921611,0.0003682422390482,0.0002666984501233,0.0007551080813327,United States,USA,new york,,,Linux-5.4.0-167-generic-x86_64-with-glibc2.31,3.9.15,2.3.2,4,Intel(R) Xeon(R) Gold 6258R CPU @ 2.70GHz,1,1 x NVIDIA GeForce RTX 3090,-76.4926,42.4444,251.5572853088379,machine,N,1.0
2023-12-27T22:33:42,codecarbon,247d1b59-d7ed-48cd-be96-fc3b58c4c2b6,10.069807052612305,0.000157132713902,1.560434207736555e-05,42.5,130.08989149520704,94.3339819908142,0.000118878689905,0.0003638452910621,0.0002638350804976,0.0007465590614648,United States,USA,new york,,,Linux-5.4.0-167-generic-x86_64-with-glibc2.31,3.9.15,2.3.2,4,Intel(R) Xeon(R) Gold 6258R CPU @ 2.70GHz,1,1 x NVIDIA GeForce RTX 3090,-76.4926,42.4444,251.5572853088379,machine,N,1.0
2023-12-27T22:33:57,codecarbon,c6c704a2-f067-465f-8ac4-c69f1716d8e8,9.73069715499878,0.0001515395300952,1.557334769353091e-05,42.5,129.55819080010974,94.3339819908142,0.0001148753457599,0.0003501566690289,0.0002549530637687,0.0007199850785576,United States,USA,new york,,,Linux-5.4.0-167-generic-x86_64-with-glibc2.31,3.9.15,2.3.2,4,Intel(R) Xeon(R) Gold 6258R CPU @ 2.70GHz,1,1 x NVIDIA GeForce RTX 3090,-76.4926,42.4444,251.5572853088379,machine,N,1.0
2023-12-27T22:34:12,codecarbon,a03b38cd-3e34-4b24-b07c-7cba61937e6a,9.75206732749939,0.0001527385216947,1.5662168498781585e-05,42.5,131.07786704777638,94.3339819908142,0.0001151275931133,0.0003550419507121,0.0002555121081637,0.0007256816519891,United States,USA,new york,,,Linux-5.4.0-167-generic-x86_64-with-glibc2.31,3.9.15,2.3.2,4,Intel(R) Xeon(R) Gold 6258R CPU @ 2.70GHz,1,1 x NVIDIA GeForce RTX 3090,-76.4926,42.4444,251.5572853088379,machine,N,1.0
2023-12-27T22:34:27,codecarbon,92adbb5f-270f-4768-a198-b1cb40a002d2,9.624658107757568,0.0001502982265156,1.5615954856044702e-05,42.5,130.29160965661828,94.3339819908142,0.0001136230371064,0.0003482950008617,0.0002521694371407,0.0007140874751089,United States,USA,new york,,,Linux-5.4.0-167-generic-x86_64-with-glibc2.31,3.9.15,2.3.2,4,Intel(R) Xeon(R) Gold 6258R CPU @ 2.70GHz,1,1 x NVIDIA GeForce RTX 3090,-76.4926,42.4444,251.5572853088379,machine,N,1.0
2023-12-27T22:34:41,codecarbon,0d8a4b98-94f0-4946-93ca-b25cbdcd131c,9.862383842468262,0.0001543259769912,1.5647938617711178e-05,42.5,130.87849919991987,94.3339819908142,0.0001164295383625,0.0003584416756297,0.0002583526556983,0.0007332238696905,United States,USA,new york,,,Linux-5.4.0-167-generic-x86_64-with-glibc2.31,3.9.15,2.3.2,4,Intel(R) Xeon(R) Gold 6258R CPU @ 2.70GHz,1,1 x NVIDIA GeForce RTX 3090,-76.4926,42.4444,251.5572853088379,machine,N,1.0
2023-12-27T22:34:56,codecarbon,8c8088ab-3dc2-4bfc-b7ef-7951b28abdce,9.73900866508484,0.0001516485252844,1.557124862493413e-05,42.5,129.52249685435825,94.3339819908142,0.0001149734367926,0.0003503588913815,0.0002551706014667,0.000720502929641,United States,USA,new york,,,Linux-5.4.0-167-generic-x86_64-with-glibc2.31,3.9.15,2.3.2,4,Intel(R) Xeon(R) Gold 6258R CPU @ 2.70GHz,1,1 x NVIDIA GeForce RTX 3090,-76.4926,42.4444,251.5572853088379,machine,N,1.0
2023-12-27T22:35:11,codecarbon,de42e4f6-8b8c-4822-82c7-7e6244c69fe6,9.773540496826172,0.0001521611826403,1.5568685952625475e-05,42.5,129.4777672753415,94.3339819908142,0.0001153812449839,0.0003514811145208,0.0002560762755026,0.0007229386350075,United States,USA,new york,,,Linux-5.4.0-167-generic-x86_64-with-glibc2.31,3.9.15,2.3.2,4,Intel(R) Xeon(R) Gold 6258R CPU @ 2.70GHz,1,1 x NVIDIA GeForce RTX 3090,-76.4926,42.4444,251.5572853088379,machine,N,1.0
2023-12-27T22:35:26,codecarbon,e455ab0a-5d20-47c5-949c-ba982dc702a1,9.7066912651062,0.0001517564079726,1.5634205706962785e-05,42.5,130.59977242443338,94.3339819908142,0.0001145918190479,0.0003521005594535,0.0002543231165784,0.0007210154950799,United States,USA,new york,,,Linux-5.4.0-167-generic-x86_64-with-glibc2.31,3.9.15,2.3.2,4,Intel(R) Xeon(R) Gold 6258R CPU @ 2.70GHz,1,1 x NVIDIA GeForce RTX 3090,-76.4926,42.4444,251.5572853088379,machine,N,1.0
2023-12-27T22:35:40,codecarbon,11be6f9a-3e33-4256-b6e7-f7983f7b421b,9.677480459213257,0.0001512069453397,1.5624619029411113e-05,42.5,130.43528446941326,94.3339819908142,0.0001142471550239,0.0003505991693799,0.000253558598394,0.0007184049227979,United States,USA,new york,,,Linux-5.4.0-167-generic-x86_64-with-glibc2.31,3.9.15,2.3.2,4,Intel(R) Xeon(R) Gold 6258R CPU @ 2.70GHz,1,1 x NVIDIA GeForce RTX 3090,-76.4926,42.4444,251.5572853088379,machine,N,1.0
2023-12-27T22:35:55,codecarbon,8f84a582-cb19-42c6-a0b6-b15880d4030b,9.730518579483032,0.0001521621696457,1.563762181869119e-05,42.5,130.65769636238966,94.3339819908142,0.0001148732657233,0.0003531219491748,0.000254948109507,0.0007229433244052,United States,USA,new york,,,Linux-5.4.0-167-generic-x86_64-with-glibc2.31,3.9.15,2.3.2,4,Intel(R) Xeon(R) Gold 6258R CPU @ 2.70GHz,1,1 x NVIDIA GeForce RTX 3090,-76.4926,42.4444,251.5572853088379,machine,N,1.0
2023-12-27T22:36:10,codecarbon,83e779d4-89db-4b3b-8dfa-3d16452bf452,9.783534288406372,0.0001532711170161,1.566623190535838e-05,42.5,131.14651019692587,94.3339819908142,0.000115499207543,0.0003563750072999,0.0002563378705196,0.0007282120853625,United States,USA,new york,,,Linux-5.4.0-167-generic-x86_64-with-glibc2.31,3.9.15,2.3.2,4,Intel(R) Xeon(R) Gold 6258R CPU @ 2.70GHz,1,1 x NVIDIA GeForce RTX 3090,-76.4926,42.4444,251.5572853088379,machine,N,1.0
2023-12-27T22:36:25,codecarbon,0f2af80d-43ad-4b11-b2ac-6e3f2467d58a,9.865811586380005,0.0001541753409006,1.5627233456749234e-05,42.5,130.47848266287102,94.3339819908142,0.0001164705451991,0.0003575425082544,0.0002584951235232,0.0007325081769769,United States,USA,new york,,,Linux-5.4.0-167-generic-x86_64-with-glibc2.31,3.9.15,2.3.2,4,Intel(R) Xeon(R) Gold 6258R CPU @ 2.70GHz,1,1 x NVIDIA GeForce RTX 3090,-76.4926,42.4444,251.5572853088379,machine,N,1.0
2023-12-27T22:36:40,codecarbon,57556655-ac43-44dc-bd95-ea0194deddee,9.66073727607727,0.0001512481868547,1.5655967296544192e-05,42.5,131.04037530283873,94.3339819908142,0.0001140489351418,0.0003515091700876,0.0002530427616591,0.0007186008668885,United States,USA,new york,,,Linux-5.4.0-167-generic-x86_64-with-glibc2.31,3.9.15,2.3.2,4,Intel(R) Xeon(R) Gold 6258R CPU @ 2.70GHz,1,1 x NVIDIA GeForce RTX 3090,-76.4926,42.4444,251.5572853088379,machine,N,1.0
2023-12-27T22:36:54,codecarbon,5daba355-edb2-4ce6-a6a0-f485e850d5dd,9.668095111846924,0.0001507266095458,1.5590104131382758e-05,42.5,129.84573904864635,94.3339819908142,0.0001141362516416,0.0003486750011632,0.0002533115287977,0.0007161227816026,United States,USA,new york,,,Linux-5.4.0-167-generic-x86_64-with-glibc2.31,3.9.15,2.3.2,4,Intel(R) Xeon(R) Gold 6258R CPU @ 2.70GHz,1,1 x NVIDIA GeForce RTX 3090,-76.4926,42.4444,251.5572853088379,machine,N,1.0
2023-12-27T22:37:09,codecarbon,4cc1be8e-e92c-4752-8df2-963c733a1574,9.772773027420044,0.00015290536620870943,1.5646057242882227e-05,42.5,130.80279852137036,94.33398199081421,0.00011537203821871016,0.0003550480618343954,0.0002560542530907077,0.0007264743531438133,United States,USA,new york,,,Linux-5.4.0-167-generic-x86_64-with-glibc2.31,3.9.15,2.3.2,4,Intel(R) Xeon(R) Gold 6258R CPU @ 2.70GHz,1,1 x NVIDIA GeForce RTX 3090,-76.4926,42.4444,251.5572853088379,machine,N,1.0
1,codecarbon,6a024728-4eea-4902-8519-e13cc60a7221,13.430481672286987,0.0001912611567774,1.4240826311695148e-05,42.5,106.77242865982372,94.33660125732422,0.0001585532082451,0.0003982728186144,0.0003518819445909,0.0009087079714506,United States,USA,new york,,,Linux-5.4.0-166-generic-x86_64-with-glibc2.31,3.9.15,2.3.2,4,Intel(R) Xeon(R) Silver 4214 CPU @ 2.20GHz,1,1 x NVIDIA GeForce RTX 3090,-76.4926,42.4444,251.56427001953125,machine,N,1.0
2024-01-09T22:48:08,codecarbon,3b4d2ae2-dafb-4276-b025-e4b043c10bbc,11.203749656677246,0.0001612762898072,1.4394849469982464e-05,42.5,109.40305488548432,94.33660125732422,0.0001322650619679,0.0003404341612167,0.0002935465353534,0.0007662457585381,United States,USA,new york,,,Linux-5.4.0-166-generic-x86_64-with-glibc2.31,3.9.15,2.3.2,4,Intel(R) Xeon(R) Silver 4214 CPU @ 2.20GHz,1,1 x NVIDIA GeForce RTX 3090,-76.4926,42.4444,251.56427001953125,machine,N,1.0
2024-01-09T22:48:24,codecarbon,6f73ff4d-8aa5-4ee6-b3a4-06662016912e,11.189101457595823,0.0001619544314311,1.447430180564098e-05,42.5,110.75445623953004,94.33660125732422,0.0001320924470822,0.0003442008309093,0.0002931744243528,0.0007694677023443,United States,USA,new york,,,Linux-5.4.0-166-generic-x86_64-with-glibc2.31,3.9.15,2.3.2,4,Intel(R) Xeon(R) Silver 4214 CPU @ 2.20GHz,1,1 x NVIDIA GeForce RTX 3090,-76.4926,42.4444,251.56427001953125,machine,N,1.0
2024-01-09T22:48:40,codecarbon,d9798e72-cfa4-416f-a767-7419e081a6fd,11.212459087371826,0.00016262068216125114,1.45035697248969e-05,42.5,111.25563882124902,94.33660125732422,0.00013236809273560842,0.00034647999939352303,0.0002937850587548261,0.0007726331508839575,United States,USA,new york,,,Linux-5.4.0-166-generic-x86_64-with-glibc2.31,3.9.15,2.3.2,4,Intel(R) Xeon(R) Silver 4214 CPU @ 2.20GHz,1,1 x NVIDIA GeForce RTX 3090,-76.4926,42.4444,251.56427001953125,machine,N,1.0
7,codecarbon,e615a139-4b22-43ff-a21e-a7acb94191be,11.19530200958252,0.0001631218131304,1.4570559417763768e-05,42.5,112.40185466040396,94.33660125732422,0.0001321655467152,0.0003495136129458,0.0002933349331459,0.000775014092807,United States,USA,new york,,,Linux-5.4.0-166-generic-x86_64-with-glibc2.31,3.9.15,2.3.2,4,Intel(R) Xeon(R) Silver 4214 CPU @ 2.20GHz,1,1 x NVIDIA GeForce RTX 3090,-76.4926,42.4444,251.56427001953125,machine,N,1.0
2024-01-09T22:49:13,codecarbon,f6ce6d64-85bc-48d9-8c50-3efef89cf7af,11.198004245758057,0.0001631662717684,1.457101356523464e-05,42.5,112.40742134036375,94.33660125732422,0.0001321975438131,0.0003496183352638,0.0002934094428133,0.0007752253218903,United States,USA,new york,,,Linux-5.4.0-166-generic-x86_64-with-glibc2.31,3.9.15,2.3.2,4,Intel(R) Xeon(R) Silver 4214 CPU @ 2.20GHz,1,1 x NVIDIA GeForce RTX 3090,-76.4926,42.4444,251.56427001953125,machine,N,1.0
2024-01-09T22:49:30,codecarbon,1f5fcb82-e282-4b6c-b185-bf825de3c252,11.19123649597168,0.0001634885710337,1.460862444400845e-05,42.5,113.06881678899887,94.33660125732422,0.0001321175595124,0.0003514322256137,0.0002932068247498,0.000776756609876,United States,USA,new york,,,Linux-5.4.0-166-generic-x86_64-with-glibc2.31,3.9.15,2.3.2,4,Intel(R) Xeon(R) Silver 4214 CPU @ 2.20GHz,1,1 x NVIDIA GeForce RTX 3090,-76.4926,42.4444,251.56427001953125,machine,N,1.0
2024-01-09T22:49:46,codecarbon,7b92ca44-44b2-4c36-9971-931b05260f2f,11.187195062637327,0.0001636764962791,1.4630700131956295e-05,42.5,113.43020663757864,94.33660125732422,0.0001320698228147,0.0003524566708392,0.0002931229748214,0.0007776494684754,United States,USA,new york,,,Linux-5.4.0-166-generic-x86_64-with-glibc2.31,3.9.15,2.3.2,4,Intel(R) Xeon(R) Silver 4214 CPU @ 2.20GHz,1,1 x NVIDIA GeForce RTX 3090,-76.4926,42.4444,251.56427001953125,machine,N,1.0
2024-01-09T22:50:02,codecarbon,2748b40c-2719-44e6-8caa-90403ac9f8b4,11.15082335472107,0.0001635686165272,1.4668747887393663e-05,42.5,114.08548826548204,94.33660125732422,0.0001316404064496,0.0003533316715618,0.0002921648389759,0.0007771369169874,United States,USA,new york,,,Linux-5.4.0-166-generic-x86_64-with-glibc2.31,3.9.15,2.3.2,4,Intel(R) Xeon(R) Silver 4214 CPU @ 2.20GHz,1,1 x NVIDIA GeForce RTX 3090,-76.4926,42.4444,251.56427001953125,machine,N,1.0
2024-01-09T22:50:19,codecarbon,c115248c-c7f6-424d-b32d-0658a736aefc,11.161590337753296,0.0001639658483188,1.469018691397441e-05,42.5,114.44882149699092,94.33660125732422,0.0001317673111955,0.0003548063949665,0.0002924505135143,0.0007790242196764,United States,USA,new york,,,Linux-5.4.0-166-generic-x86_64-with-glibc2.31,3.9.15,2.3.2,4,Intel(R) Xeon(R) Silver 4214 CPU @ 2.20GHz,1,1 x NVIDIA GeForce RTX 3090,-76.4926,42.4444,251.56427001953125,machine,N,1.0
2024-01-09T22:50:35,codecarbon,c69922d4-8bad-47f3-b152-178269602da3,11.208741426467896,0.00016473515235,1.4697024945285853e-05,42.5,114.563151293464,94.33660125732422,0.0001323243050111,0.0003566644519992,0.0002936905315647,0.0007826792885751,United States,USA,new york,,,Linux-5.4.0-166-generic-x86_64-with-glibc2.31,3.9.15,2.3.2,4,Intel(R) Xeon(R) Silver 4214 CPU @ 2.20GHz,1,1 x NVIDIA GeForce RTX 3090,-76.4926,42.4444,251.56427001953125,machine,N,1.0
2024-01-09T22:50:52,codecarbon,6e0d4801-50b2-4896-9ba9-9d11cde8ba3f,11.24484896659851,0.00016494815815800307,1.4668774889548272e-05,42.5,114.0794179732136,94.33660125732422,0.0001327505773968167,0.000356303340595332,0.0002946373903726272,0.0007836913083647759,United States,USA,new york,,,Linux-5.4.0-166-generic-x86_64-with-glibc2.31,3.9.15,2.3.2,4,Intel(R) Xeon(R) Silver 4214 CPU @ 2.20GHz,1,1 x NVIDIA GeForce RTX 3090,-76.4926,42.4444,251.56427001953125,machine,N,1.0
